
/*!40101 SET @OLD_CHARACTER_SET_CLIENT=@@CHARACTER_SET_CLIENT */;
/*!40101 SET @OLD_CHARACTER_SET_RESULTS=@@CHARACTER_SET_RESULTS */;
/*!40101 SET @OLD_COLLATION_CONNECTION=@@COLLATION_CONNECTION */;
/*!50503 SET NAMES utf8mb4 */;
/*!40103 SET @OLD_TIME_ZONE=@@TIME_ZONE */;
/*!40103 SET TIME_ZONE='+00:00' */;
/*!40014 SET @OLD_UNIQUE_CHECKS=@@UNIQUE_CHECKS, UNIQUE_CHECKS=0 */;
/*!40014 SET @OLD_FOREIGN_KEY_CHECKS=@@FOREIGN_KEY_CHECKS, FOREIGN_KEY_CHECKS=0 */;
/*!40101 SET @OLD_SQL_MODE=@@SQL_MODE, SQL_MODE='NO_AUTO_VALUE_ON_ZERO' */;
/*!40111 SET @OLD_SQL_NOTES=@@SQL_NOTES, SQL_NOTES=0 */;

/*!40000 DROP DATABASE IF EXISTS `aerodefences`*/;

CREATE DATABASE /*!32312 IF NOT EXISTS*/ `aerodefences` /*!40100 DEFAULT CHARACTER SET utf8mb4 COLLATE utf8mb4_0900_ai_ci */ /*!80016 DEFAULT ENCRYPTION='N' */;

USE `aerodefences`;
DROP TABLE IF EXISTS `categories`;
/*!40101 SET @saved_cs_client     = @@character_set_client */;
/*!50503 SET character_set_client = utf8mb4 */;
CREATE TABLE `categories` (
  `id` bigint unsigned NOT NULL AUTO_INCREMENT,
  `parent_id` bigint unsigned DEFAULT NULL,
  `name` varchar(255) NOT NULL,
  `slug` varchar(255) NOT NULL,
  `sort_order` int unsigned NOT NULL DEFAULT '0',
  `is_visible` tinyint(1) NOT NULL DEFAULT '1',
  `show_in_dropdown` tinyint(1) NOT NULL DEFAULT '1',
  `created_at` datetime NOT NULL DEFAULT CURRENT_TIMESTAMP,
  `updated_at` datetime NOT NULL DEFAULT CURRENT_TIMESTAMP ON UPDATE CURRENT_TIMESTAMP,
  PRIMARY KEY (`id`),
  UNIQUE KEY `uq_categories_slug` (`slug`),
  KEY `idx_categories_parent_id` (`parent_id`),
  CONSTRAINT `fk_categories_parent` FOREIGN KEY (`parent_id`) REFERENCES `categories` (`id`) ON DELETE RESTRICT ON UPDATE CASCADE
) ENGINE=InnoDB AUTO_INCREMENT=9 DEFAULT CHARSET=utf8mb4 COLLATE=utf8mb4_0900_ai_ci COMMENT='Self-referencing category tree; cycle prevention is NOT enforced at the DB level -- accepted limitation, see db/INSIGHTS.md';
/*!40101 SET character_set_client = @saved_cs_client */;

LOCK TABLES `categories` WRITE;
/*!40000 ALTER TABLE `categories` DISABLE KEYS */;
INSERT INTO `categories` VALUES (1,NULL,'Drone Components','drone-components',1,1,1,'2026-07-21 13:02:54','2026-07-21 13:02:54'),(2,1,'Electronics','electronics',2,1,1,'2026-07-21 13:02:54','2026-07-21 13:02:54'),(3,2,'Flight Controllers','flight-controllers',3,1,1,'2026-07-21 13:02:54','2026-07-21 13:02:54'),(4,2,'Edge Compute','edge-compute',4,1,1,'2026-07-21 13:02:54','2026-07-21 13:02:54'),(5,2,'GNSS & Navigation','gnss-navigation',5,1,1,'2026-07-21 13:02:54','2026-07-21 13:02:54'),(6,2,'Sensors','sensors',6,1,1,'2026-07-21 13:02:54','2026-07-21 13:02:54'),(7,2,'Power & Servo','power-servo',7,1,1,'2026-07-21 13:02:54','2026-07-21 13:02:54'),(8,1,'Cameras','cameras',8,1,1,'2026-07-21 13:02:55','2026-07-21 13:02:55');
/*!40000 ALTER TABLE `categories` ENABLE KEYS */;
UNLOCK TABLES;
DROP TABLE IF EXISTS `category_page_closings`;
/*!40101 SET @saved_cs_client     = @@character_set_client */;
/*!50503 SET character_set_client = utf8mb4 */;
CREATE TABLE `category_page_closings` (
  `id` bigint unsigned NOT NULL AUTO_INCREMENT,
  `category_page_id` bigint unsigned NOT NULL,
  `position` int unsigned NOT NULL,
  `variant` varchar(16) NOT NULL,
  `data` json NOT NULL,
  `created_at` datetime NOT NULL DEFAULT CURRENT_TIMESTAMP,
  `updated_at` datetime NOT NULL DEFAULT CURRENT_TIMESTAMP ON UPDATE CURRENT_TIMESTAMP,
  PRIMARY KEY (`id`),
  UNIQUE KEY `uq_category_page_closings_page_position` (`category_page_id`,`position`),
  CONSTRAINT `fk_category_page_closings_page` FOREIGN KEY (`category_page_id`) REFERENCES `category_pages` (`id`) ON DELETE CASCADE ON UPDATE CASCADE,
  CONSTRAINT `chk_category_page_closings_variant` CHECK ((`variant` in (_utf8mb4'imageBand',_utf8mb4'simpleCta',_utf8mb4'govCta')))
) ENGINE=InnoDB AUTO_INCREMENT=7 DEFAULT CHARSET=utf8mb4 COLLATE=utf8mb4_0900_ai_ci COMMENT='Ordered closing CTA band(s) for a category_pages row (0, 1, or 2+ — Drone Components has two: imageBand then simpleCta, AC-21).';
/*!40101 SET character_set_client = @saved_cs_client */;

LOCK TABLES `category_page_closings` WRITE;
/*!40000 ALTER TABLE `category_page_closings` DISABLE KEYS */;
INSERT INTO `category_page_closings` VALUES (1,1,1,'imageBand','{\"alt\": \"CAN bus backbone connecting AAD avionics modules\", \"body\": \"One CAN backbone carries power and data across the whole stack. Each module is fault-isolated, Ardupilot-compatible, and built so a single failure never cascades into many.\", \"image\": \"/img/categories/drone-components/can-band.jpg\", \"title\": \"Every Module Speaks the Same Language\"}','2026-07-21 13:02:55','2026-07-21 13:02:55'),(2,1,2,'simpleCta','{\"text\": \"Tell us your platform and mission profile — we\'ll map the flight control, compute, navigation, and power modules that fit, all on one bus.\", \"button\": {\"to\": \"/contacts\", \"label\": \"notify us\"}, \"heading\": \"Spec Your Avionics Stack\"}','2026-07-21 13:02:55','2026-07-21 13:02:55'),(3,3,1,'govCta','{\"text\": \"Products on this page may be USML-controlled (ITAR) or EAR-controlled depending on configuration; sales are restricted to authorized buyers. For specifications, MIL-STD posture, NSN assignments where issued, GSA pricing under Contract GS-00F-000EX, or a capability briefing, contact AAD Government Sales.\", \"buttons\": [{\"to\": \"/contacts\", \"label\": \"Request a Capability Briefing\"}, {\"to\": \"mailto:gov@aerodefences.example\", \"label\": \"gov@aerodefences.example\"}], \"heading\": \"Export-Controlled · Government Channel\"}','2026-07-21 13:02:55','2026-07-21 13:02:55'),(4,4,1,'govCta','{\"text\": \"Government-channel products differ from commercial variants, and detailed specifications are restricted to authorized buyers. For tube grades, FOM levels, MIL-STD posture, NSN assignment, current configurations, or a capability briefing, contact AAD Government Sales.\", \"buttons\": [{\"to\": \"/contacts\", \"label\": \"Request a Capability Briefing\"}, {\"to\": \"mailto:gov@aerodefences.example\", \"label\": \"gov@aerodefences.example\"}], \"heading\": \"Government-Channel Configurations\"}','2026-07-21 13:02:55','2026-07-21 13:02:55'),(5,5,1,'simpleCta','{\"text\": \"Tell us your platform class, mission profile, and integration constraints — we\'ll match the cameras and electronics to the task.\", \"button\": {\"to\": \"/contacts\", \"label\": \"notify us\"}, \"heading\": \"Spec the Components for Your Platform\"}','2026-07-21 13:02:55','2026-07-21 13:02:55'),(6,6,1,'simpleCta','{\"text\": \"Tell us your mission profile and target set — we\'ll scope the perception models, datasets, and autonomy software to match.\", \"button\": {\"to\": \"/contact\", \"label\": \"notify us\"}, \"heading\": \"Put Autonomy on Your Platform\"}','2026-07-21 13:02:56','2026-07-21 13:02:56');
/*!40000 ALTER TABLE `category_page_closings` ENABLE KEYS */;
UNLOCK TABLES;
DROP TABLE IF EXISTS `category_page_sections`;
/*!40101 SET @saved_cs_client     = @@character_set_client */;
/*!50503 SET character_set_client = utf8mb4 */;
CREATE TABLE `category_page_sections` (
  `id` bigint unsigned NOT NULL AUTO_INCREMENT,
  `category_page_id` bigint unsigned NOT NULL,
  `position` int unsigned NOT NULL,
  `type` varchar(32) NOT NULL,
  `anchor` varchar(64) DEFAULT NULL,
  `head_eyebrow` varchar(255) DEFAULT NULL,
  `head_title` varchar(255) DEFAULT NULL,
  `head_lead` text,
  `data` json NOT NULL,
  `created_at` datetime NOT NULL DEFAULT CURRENT_TIMESTAMP,
  `updated_at` datetime NOT NULL DEFAULT CURRENT_TIMESTAMP ON UPDATE CURRENT_TIMESTAMP,
  PRIMARY KEY (`id`),
  UNIQUE KEY `uq_category_page_sections_page_position` (`category_page_id`,`position`),
  CONSTRAINT `fk_category_page_sections_page` FOREIGN KEY (`category_page_id`) REFERENCES `category_pages` (`id`) ON DELETE CASCADE ON UPDATE CASCADE,
  CONSTRAINT `chk_category_page_sections_type` CHECK ((`type` in (_utf8mb4'deviceGrid',_utf8mb4'featureSplit',_utf8mb4'productRows',_utf8mb4'comparison',_utf8mb4'valueGrid',_utf8mb4'explainer',_utf8mb4'diagramBand',_utf8mb4'trustBar',_utf8mb4'categoryBlocks',_utf8mb4'problemSolution',_utf8mb4'heritageNewsletter',_utf8mb4'flagshipSplit',_utf8mb4'specSplit',_utf8mb4'calloutBand',_utf8mb4'compatibleProducts')))
) ENGINE=InnoDB AUTO_INCREMENT=38 DEFAULT CHARSET=utf8mb4 COLLATE=utf8mb4_0900_ai_ci COMMENT='Ordered typed sections for a category_pages row; UNIQUE(category_page_id, position) makes render order explicit (AC-2); its leftmost prefix also satisfies the FK-index requirement, so no separate KEY on category_page_id is added (avoids the redundant-index pattern flagged in db/INSIGHTS.md for product_specs).';
/*!40101 SET character_set_client = @saved_cs_client */;

LOCK TABLES `category_page_sections` WRITE;
/*!40000 ALTER TABLE `category_page_sections` DISABLE KEYS */;
INSERT INTO `category_page_sections` VALUES (1,1,1,'deviceGrid','flight-controllers',NULL,'Flight Controllers','STM32H743 autopilots running full Ardupilot — redundant IMUs, EW-ready return modes, CAN at the core.','{\"cards\": [{\"alt\": \"SkyModule X1 flight controller\", \"cta\": {\"to\": \"/drone-components/electronics/flight-controllers/skymodule-x1\", \"label\": \"View Product\"}, \"sku\": \"AAD-FC-7\", \"name\": \"SkyModule X1\", \"blurb\": \"Full-featured autopilot with triple-redundant IMUs, dual-camera switching and dual release-relay outputs, and RF-silent ballistic return.\", \"image\": \"/img/categories/drone-components/flight-controllers-1.jpg\", \"eyebrow\": \"Flight Controller\", \"features\": [\"STM32H743\", \"3× IMU\", \"Analog + Digital FPV\"], \"keyAdvantage\": \"Keeps flying when comms and GPS are gone — triple redundancy and a silent, compass-guided return for EW-contested airspace.\"}, {\"alt\": \"SkyModule X1-Lite flight controller\", \"cta\": {\"to\": \"/drone-components/electronics/flight-controllers/skymodule-x1-lite\", \"label\": \"View Product\"}, \"sku\": \"AAD-FC-7L\", \"name\": \"SkyModule X1-Lite\", \"blurb\": \"Compact autopilot for weight-sensitive platforms — dual IMU, native digital FPV, no adapter modules required.\", \"image\": \"/img/categories/drone-components/flight-controllers-2.jpg\", \"eyebrow\": \"Flight Controller\", \"features\": [\"STM32H743\", \"2× IMU\", \"Digital FPV\"], \"keyAdvantage\": \"FC7-class resilience at lower weight — native digital FPV means no adapter modules to add bulk or failure points.\"}], \"columns\": 2}','2026-07-21 13:02:55','2026-07-21 13:02:55'),(2,1,2,'deviceGrid','edge-compute',NULL,'Edge Compute','Onboard compute that brings perception and autonomy to the airframe.','{\"cards\": [{\"alt\": \"ComputeNode Z edge compute module\", \"cta\": {\"to\": \"/drone-components/electronics/edge-compute/computenode-z\", \"label\": \"View Product\"}, \"sku\": \"AAD-ComputeNode-AI\", \"name\": \"ComputeNode Z\", \"blurb\": \"Modular onboard compute platform for tactical UAS, built on a CM4/CM5 base. Takes camera input over Ethernet or MIPI, links to the flight controller via CAN and UART, and powers directly from the airframe bus (9–34V) — the perception and autonomy host on the AAD stack. AI inference scales with the mission: add a Hailo accelerator to reach up to 26 TOPS of onboard compute.\", \"image\": \"/img/categories/drone-components/edge-compute.jpg\", \"eyebrow\": \"Edge Compute Module\", \"features\": [\"CAN + UART → FC\", \"Ethernet · MIPI Camera In\", \"9–34V\", \"CM4 / CM5\", \"Up to 26 TOPS · Hailo\"], \"keyAdvantage\": \"Scalable inference on the aircraft itself — fully air-gapped, with no cloud or datalink dependency, and expandable to up to 26 TOPS with a Hailo accelerator.\"}], \"columns\": 1}','2026-07-21 13:02:55','2026-07-21 13:02:55'),(3,1,3,'deviceGrid','gnss-navigation',NULL,'GNSS & Navigation','Dual-band positioning engineered to keep working when the spectrum is contested.','{\"cards\": [{\"alt\": \"GeoNav Dual GNSS receiver\", \"cta\": {\"to\": \"/drone-components/electronics/gnss-navigation/geonav-dual\", \"label\": \"View Product\"}, \"sku\": \"AAD-GeoNav-DB\", \"name\": \"GeoNav Dual\", \"blurb\": \"Dual-band L1+L5 receiver tracking six constellations and up to 135 satellites. Simultaneous dual-band reception detects spoofing, and a hardware relay lets the flight controller physically cut GPS power on detection. GPS III–ready.\", \"image\": \"/img/categories/drone-components/gnss.jpg\", \"eyebrow\": \"GNSS Receiver\", \"features\": [\"L1 + L5\", \"Anti-Spoofing Relay\", \"6 Constellations\", \"135 Satellites\"], \"keyAdvantage\": \"Anti-spoofing at the hardware level — on detection, the relay physically cuts GPS power, so false coordinates can\'t leak into the flight stack. Not just a software warning.\"}], \"columns\": 1}','2026-07-21 13:02:55','2026-07-21 13:02:55'),(4,1,4,'deviceGrid','sensors',NULL,'Sensors','External, CAN-connected sensing — heading, airspeed, and a configurable hub — mounted away from interference.','{\"cards\": [{\"alt\": \"FieldSense magnetometer\", \"cta\": {\"to\": \"/drone-components/electronics/sensors/fieldsense\", \"label\": \"View Product\"}, \"sku\": \"AAD-FieldSense\", \"name\": \"FieldSense\", \"blurb\": \"High-precision RM3100 compass over I2C, mounted clear of motor interference for a clean heading reference.\", \"image\": \"/img/categories/drone-components/sensors-1.jpg\", \"eyebrow\": \"Magnetometer\", \"features\": [\"RM3100\", \"I2C\", \"EMI-Immune\"], \"keyAdvantage\": \"RM3100 noise floor is ~75× lower than a typical MEMS magnetometer — a trustworthy heading even on high-current multirotors.\"}, {\"alt\": \"FieldSense CAN magnetometer\", \"cta\": {\"to\": \"/drone-components/electronics/sensors/fieldsense-can\", \"label\": \"View Product\"}, \"sku\": \"AAD-FieldSense-CAN\", \"name\": \"FieldSense CAN\", \"blurb\": \"RM3100 compass on the CAN bus with a 7–34V input — daisy-chains onto the same backbone as the rest of the stack.\", \"image\": \"/img/categories/drone-components/sensors-2.jpg\", \"eyebrow\": \"Magnetometer\", \"features\": [\"RM3100\", \"CAN\", \"7–34V\"], \"keyAdvantage\": \"Same RM3100 precision, now on CAN — one fewer dedicated port and a clean daisy-chain into the existing bus.\"}, {\"alt\": \"AirFlow CAN airspeed sensor\", \"cta\": {\"to\": \"/drone-components/electronics/sensors/airflow-can\", \"label\": \"View Product\"}, \"sku\": \"AAD-AirFlow-CAN\", \"name\": \"AirFlow CAN\", \"blurb\": \"CAN airspeed sensor reading up to 550 km/h — accurate true-airspeed data for fixed-wing and VTOL platforms.\", \"image\": \"/img/categories/drone-components/sensors-3.jpg\", \"eyebrow\": \"Airspeed\", \"features\": [\"Airspeed\", \"550 km/h\", \"CAN\"], \"keyAdvantage\": \"True airspeed up to 550 km/h on the CAN bus — reliable stall-margin and cruise data for high-speed fixed-wing and VTOL.\"}, {\"alt\": \"MultiSense CAN sensor hub\", \"cta\": {\"to\": \"/drone-components/electronics/sensors/multisense\", \"label\": \"View Product\"}, \"sku\": \"AAD-MultiSense\", \"name\": \"MultiSense\", \"blurb\": \"One CAN sensor hub, six factory configurations — combine GNSS, compass, airspeed, and barometer in a single module.\", \"image\": \"/img/categories/drone-components/sensors-4.jpg\", \"eyebrow\": \"Sensor Hub\", \"features\": [\"6 Configs\", \"CAN\", \"GNSS + Compass + Baro\"], \"keyAdvantage\": \"Six sensors\' worth of capability in a single SKU — fewer parts to source, wire, and certify, and faster integration.\"}], \"columns\": 2, \"ctaVariant\": \"link\"}','2026-07-21 13:02:55','2026-07-21 13:02:55'),(5,1,5,'deviceGrid','power-servo',NULL,'Power & Servo','Distribution, monitoring, and servo control from 14S to 16S — all on the CAN bus.','{\"cards\": [{\"alt\": \"CAN PMU 16S power module\", \"cta\": {\"to\": \"/drone-components/electronics/power-servo/can-pmu-16s\", \"label\": \"View Product\"}, \"sku\": \"AAD-PMU-16S\", \"name\": \"CAN PMU 16S\", \"blurb\": \"High-current power monitoring unit — 200A continuous on 16S LiPo, with telemetry over CAN.\", \"image\": \"/img/categories/drone-components/power-servo-1.jpg\", \"eyebrow\": \"Power Module\", \"features\": [\"200A cont.\", \"16S\", \"CAN\"], \"keyAdvantage\": \"200A continuous on 16S with CAN telemetry — headroom for heavy-lift platforms with no derating.\"}, {\"alt\": \"CAN PMU Lite 14S power module\", \"cta\": {\"to\": \"/drone-components/electronics/power-servo/can-pmu-lite-14s\", \"label\": \"View Product\"}, \"sku\": \"AAD-PMU-L14S\", \"name\": \"CAN PMU Lite 14S\", \"blurb\": \"Lighter power monitoring unit for mid-size platforms — 100A continuous on 14S, CAN telemetry.\", \"image\": \"/img/categories/drone-components/power-servo-2.jpg\", \"eyebrow\": \"Power Module\", \"features\": [\"100A cont.\", \"14S\", \"CAN\"], \"keyAdvantage\": \"Full CAN power monitoring at a fraction of the weight — right-sized for mid-class platforms that don\'t need 200A.\"}, {\"alt\": \"PowerCore EX power expansion board\", \"cta\": {\"to\": \"/drone-components/electronics/power-servo/powercore-ex\", \"label\": \"View Product\"}, \"sku\": \"AAD-POWERCORE-EX\", \"name\": \"PowerCore EX\", \"blurb\": \"Expansion board for SkyModule X1 — adds BEC output, 120A peak current sensing, and 6× servo rails.\", \"image\": \"/img/categories/drone-components/power-servo-3.jpg\", \"eyebrow\": \"Power Expansion\", \"features\": [\"BEC 4A · 5–8V\", \"120A peak\", \"6× Servo\"], \"keyAdvantage\": \"Bolts power, sensing, and six servo rails onto FC7 — full capability without a separate board stack.\"}, {\"alt\": \"PowerRail 14S servo distribution rail\", \"cta\": {\"to\": \"/drone-components/electronics/power-servo/powerrail-14s\", \"label\": \"View Product\"}, \"sku\": \"AAD-POWERRAIL-14S\", \"name\": \"PowerRail 14S\", \"blurb\": \"Servo distribution rail with a high-current BEC — 14S/65V input feeding up to 12 servos at 10A.\", \"image\": \"/img/categories/drone-components/power-servo-4.jpg\", \"eyebrow\": \"Servo Rail\", \"features\": [\"BEC 10A · 5–12V\", \"14S / 65V\", \"12× Servo\"], \"keyAdvantage\": \"Drives up to 12 servos at 10A straight off 14S — no separate high-current servo BEC required.\"}, {\"alt\": \"ServoNode x4 CAN servo node\", \"cta\": {\"to\": \"/drone-components/electronics/power-servo/servonode-x4\", \"label\": \"View Product\"}, \"sku\": \"AAD-SERVONODE-X4\", \"name\": \"ServoNode x4\", \"blurb\": \"CAN-connected servo node — four PWM/DSHOT channels with an onboard BEC, isolating servo loads from the FC.\", \"image\": \"/img/categories/drone-components/power-servo-5.jpg\", \"eyebrow\": \"Servo Control\", \"features\": [\"4× PWM/DSHOT\", \"CAN\", \"BEC 4A · 5–8V\"], \"keyAdvantage\": \"Isolates servo loads from the flight controller over CAN — a servo short or stall never reaches the autopilot.\"}], \"columns\": 2, \"ctaVariant\": \"link\"}','2026-07-21 13:02:55','2026-07-21 13:02:55'),(6,2,1,'explainer',NULL,NULL,'One Imaging System. Any Interface.','No two platforms integrate the same way. AAD cameras ship in the connector your airframe needs — same imaging quality, the interface that fits.','{\"banner\": {\"alt\": \"AAD camera interface options — analog, digital, and MIPI connectors\", \"image\": \"/img/categories/cameras/interface-kbcta.jpg\"}, \"minicards\": [{\"label\": \"Analog\", \"description\": \"Direct video output for legacy FPV links and analog transmission chains where simplicity and low latency win.\"}, {\"label\": \"Digital\", \"description\": \"Networked digital video (Ethernet / RTSP) for high-resolution streaming and multi-consumer architectures.\"}, {\"label\": \"MIPI\", \"description\": \"MIPI CSI-2 for the lowest-latency, board-level connection straight into the onboard compute module.\"}]}','2026-07-21 13:02:55','2026-07-21 13:02:55'),(7,2,2,'valueGrid',NULL,NULL,'Glass That Holds Up Edge to Edge','Detection only works if the image is clean everywhere — not just in the center of the frame. AAD cameras use high-quality lenses engineered for minimal distortion and consistent image quality across the entire field of view.','{\"cards\": [{\"icon\": \"/img/categories/cameras/glass-1.svg\", \"title\": \"Minimal Distortion\", \"description\": \"Low-distortion optics keep straight lines straight and geometry true across the full field of view — essential for accurate detection and targeting.\"}, {\"icon\": \"/img/categories/cameras/glass-2.svg\", \"title\": \"Edge-to-Edge Sharpness\", \"description\": \"Consistent resolution from center to corner. A target at the edge of the frame stays as clear and detectable as one in the middle.\"}, {\"icon\": \"/img/categories/cameras/glass-3.svg\", \"title\": \"Sensor-Matched Optics\", \"description\": \"Every lens is matched to its sensor to extract maximum usable resolution and light — sensor and optics engineered together as one system.\"}]}','2026-07-21 13:02:55','2026-07-21 13:02:55'),(8,2,3,'comparison',NULL,NULL,'Daylight or Thermal — Built for Both','Choose the sensor that matches the mission profile. Both feed the same onboard AI pipeline.','{\"columns\": [{\"label\": \"Daylight · Visible Spectrum\", \"title\": \"Optix\", \"bullets\": [\"Maximum detail and color information\", \"High-resolution daylight target detection\", \"Streams directly to ComputeNode Z\"], \"description\": \"High-resolution visible imaging for clear-condition detection, identification, and situational awareness.\"}, {\"label\": \"Thermal · All Conditions\", \"title\": \"ThermIX\", \"bullets\": [\"Detection at night and in low visibility\", \"Sees through smoke and obscurants\", \"Pairs with thermal-trained AI models\"], \"description\": \"Thermal imaging that sees through darkness, smoke, and adverse weather — when the visible spectrum can\'t.\"}]}','2026-07-21 13:02:55','2026-07-21 13:02:55'),(9,2,4,'productRows',NULL,NULL,'AAD Camera Systems',NULL,'{\"rows\": [{\"alt\": \"AAD Optix daylight camera\", \"cta\": {\"to\": \"/drone-components/cameras/Optix-d\", \"label\": \"View Product\"}, \"sku\": \"AAD-CAM-Optix\", \"body\": \"High-resolution visible-spectrum camera available with a Gigabit Ethernet or MIPI CSI-2 interface. Streams H.264 / MJPEG over RTSP for real-time daylight target detection, feeding ComputeNode Z directly.\", \"name\": \"Optix\", \"badge\": \"Daylight\", \"image\": \"/img/categories/cameras/Optix.jpg\", \"category\": \"Daylight Camera\", \"features\": [\"Type: Visible spectrum (daylight)\", \"Interface: Gigabit Ethernet or MIPI CSI-2\", \"Streaming: H.264 / MJPEG (RTSP)\", \"Resolution: 1920 × 1080 (2 MP)\", \"FOV: Configurable — any FOV on request\"]}, {\"alt\": \"AAD ThermIX thermal camera\", \"cta\": {\"to\": \"/drone-components/cameras/ThermIX\", \"label\": \"View Product\"}, \"sku\": null, \"body\": \"Uncooled thermal imaging camera for all-conditions operation — detection at night, through smoke, and in adverse weather. Pairs with thermal-trained AI models and feeds ComputeNode Z directly.\", \"name\": \"ThermIX\", \"badge\": \"Thermal\", \"image\": \"/img/categories/cameras/ThermIX.jpg\", \"category\": \"Thermal Camera\", \"features\": [\"SKU: pending\", \"Type: Uncooled thermal (LWIR)\", \"Interface options: Analog · Digital\", \"Resolution: 640 × 480\", \"Frame rate: 50 FPS\", \"FOV: Configurable — any FOV on request\"]}]}','2026-07-21 13:02:55','2026-07-21 13:02:56'),(10,2,5,'diagramBand',NULL,NULL,'Camera, Compute & AI — Built to Work as One','AAD builds the camera, the ComputeNode Z compute, and the Vanta-AI models together. Every frame streams straight into on-board detection — no adapters, no cloud — and because the models are tuned to our own cameras, accuracy is higher straight out of the box. One integrated pipeline, maximum performance.\n\nCameras can ship with a representative training dataset matched to your targets and conditions — available on request, so your models start closer to mission-ready.','{\"note\": \"Cameras can ship with a representative training dataset matched to your targets and conditions — available on request, so your models start closer to mission-ready.\", \"steps\": [{\"icon\": \"/img/categories/cameras/flow-1.svg\", \"label\": \"Camera\", \"detail\": \"Optix / ThermIX\"}, {\"icon\": \"/img/categories/cameras/flow-2.svg\", \"label\": \"ComputeNode Z\", \"detail\": \"Onboard Compute\"}, {\"icon\": \"/img/categories/cameras/flow-3.svg\", \"label\": \"Vanta-AI\", \"detail\": \"Detect & ID\"}, {\"icon\": \"/img/categories/cameras/flow-4.svg\", \"label\": \"Maximum Performance\"}], \"details\": [{\"text\": \"Optix daylight and ThermIX thermal cameras, with sensor and optics engineered together and output in the interface your platform uses. Clean, low-latency frames built to be read by a machine — not just a pilot.\", \"title\": \"Camera\"}, {\"text\": \"The onboard compute module that ingests every frame and runs inference at the edge — no ground link, no cloud. Scalable headroom to run AAD\'s detection models in real time.\", \"title\": \"ComputeNode Z\"}, {\"text\": \"AAD\'s detection and identification models, trained in-house and tuned to the exact camera profile — so the system doesn\'t just see motion, it classifies the target, day or night.\", \"title\": \"Vanta-AI\"}, {\"text\": \"Because one team builds all three, there are no integration gaps between sensor, compute, and model — delivering higher detection accuracy and lower latency than any mix-and-match stack.\", \"title\": \"Maximum Performance\"}], \"variant\": \"dark\"}','2026-07-21 13:02:55','2026-07-21 13:02:55'),(11,3,1,'productRows',NULL,NULL,'Thermal Sensor Technologies','Compact, multi-mission thermal optics on a 12-micron 640×480 core — usable as clip-on, stand-alone sight, handheld monocular, or helmet-mounted goggle.','{\"rows\": [{\"alt\": \"AAD TTM-18 thermal sight\", \"cta\": {\"to\": \"/products/ttm-18\", \"label\": \"View Product\"}, \"sku\": null, \"body\": \"A compact, multi-mission thermal sight — clip-on ahead of a day optic, stand-alone riflescope, handheld viewer, or helmet-mounted. 12-micron 640×480 core, flip-to-side QD mount that holds zero, and an integrated IR laser pointer. Optional 1,000-yard LRF.\", \"name\": \"TTM-18\", \"badge\": \"Thermal Sight\", \"image\": \"/img/categories/thermal-optics/ttm-18.jpg\", \"category\": \"Clip-On / Stand-Alone Thermal Sight\", \"features\": [\"640 × 480 · 12 µm\", \"Clip-On\", \"IR Laser\", \"Optional LRF 1000 yd\"]}, {\"alt\": \"AAD TTM-14 thermal monocular / goggle\", \"cta\": {\"to\": \"/products/ttm-14\", \"label\": \"View Product\"}, \"sku\": null, \"body\": \"A rugged thermal monocular in the standard PVS-14 form factor — handheld or helmet-mounted for hands-free use. The same 12-micron 640×480 core, IR laser pointer, and IP67 build, cutting through fog, foliage and haze. Optional 1,000-yard LRF.\", \"name\": \"TTM-14\", \"badge\": \"Thermal Monocular\", \"image\": \"/img/categories/thermal-optics/ttm-14.jpg\", \"category\": \"Thermal Monocular / Goggle\", \"features\": [\"640 × 480 · 12 µm\", \"PVS-14 Form Factor\", \"Helmet-Mount\", \"Optional LRF 1000 yd\"]}], \"columns\": 2}','2026-07-21 13:02:55','2026-07-21 13:02:56'),(12,3,2,'valueGrid',NULL,NULL,'Why Thermal','Thermal sees what light-based sensors can\'t — heat — so it works where night vision and the naked eye fail.','{\"cards\": [{\"icon\": \"/img/categories/thermal-optics/why-total-darkness.svg\", \"title\": \"Total Darkness\", \"description\": \"Detects targets by their heat signature with no ambient light at all — passive, day or night.\"}, {\"icon\": \"/img/categories/thermal-optics/why-cuts-through-obscurants.svg\", \"title\": \"Cuts Through Obscurants\", \"description\": \"Sees through smoke, dust, fog and haze that blind visible and image-intensified optics.\"}, {\"icon\": \"/img/categories/thermal-optics/why-reveals-concealed-targets.svg\", \"title\": \"Reveals Concealed Targets\", \"description\": \"Heat gives away targets hidden by foliage, camouflage and concealment — a decisive ISR edge.\"}], \"variant\": \"dark\", \"redBorder\": true}','2026-07-21 13:02:55','2026-07-21 13:33:19'),(13,4,1,'deviceGrid',NULL,NULL,'Advanced Day/Night Digital','On-device computing, Ultra HD imaging, integrated ranging, and ballistic-data exchange in one ruggedized device — observe, measure, record, and engage from a single optic, day or night.','{\"cards\": [{\"alt\": \"AAD DNBN-5 day/night binocular\", \"cta\": {\"to\": \"/products/dnbn-5\", \"label\": \"View Product\"}, \"sku\": null, \"name\": \"DNBN-5\", \"blurb\": \"Latest-generation binocular on an Ultra HD 4K+ sensor — about 33% sharper than the prior generation — with 4K recording, 240 FPS slow-motion, a built-in IR illuminator, and BIX ballistic-data exchange.\", \"image\": \"/img/categories/night-vision/dnbn-5.jpg\", \"features\": [\"5th-Gen Day/Night Binocular\", \"Ultra HD 4K+\", \"240 FPS\", \"IR Illuminator\", \"BIX\"]}, {\"alt\": \"AAD DNBN-4 day/night binocular\", \"cta\": {\"to\": \"/products/dnbn-4\", \"label\": \"View Product\"}, \"sku\": null, \"name\": \"DNBN-4\", \"blurb\": \"4K Ultra HD day/night binocular with a built-in laser rangefinder to 1,000 yards, BIX ballistic exchange, a battle-management and tactical-navigation app over Bluetooth, and a weather-resistant build.\", \"image\": \"/img/categories/night-vision/dnbn-4.jpg\", \"features\": [\"4K Day/Night Binocular + LRF\", \"4K Ultra HD\", \"LRF · 1000 yd\", \"BIX\", \"Tactical Nav\"]}, {\"alt\": \"AAD DNWS-5 day/night weapon sight\", \"cta\": {\"to\": \"/products/dnws-5\", \"label\": \"View Product\"}, \"sku\": null, \"name\": \"DNWS-5\", \"blurb\": \"Ultra HD day/night weapon sight with dual-stream video and internal recording, an integrated ballistic calculator, recoil-activated slow-motion capture, a smart mil-dot reticle with editor, and optional laser rangefinder.\", \"image\": \"/img/categories/night-vision/dnws-5.jpg\", \"features\": [\"Day/Night Weapon Sight\", \"Ultra HD\", \"Ballistic Calc\", \"Smart Reticle\", \"Optional LRF\"]}], \"columns\": 3}','2026-07-21 13:02:55','2026-07-21 13:02:55'),(14,4,2,'deviceGrid',NULL,NULL,'Night Vision — Image Intensification','The foundational low-light capability for dismounted operators, vehicle crews, and aviators. Mil-spec photocathode and tube-grade options, autogated power supplies, manual gain, and modern dovetail and bayonet mounts.','{\"cards\": [{\"alt\": \"AAD PVS-14 night vision monocular\", \"cta\": {\"to\": \"/products/pvs-14\", \"label\": \"View Product\"}, \"sku\": null, \"name\": \"PVS-14\", \"blurb\": \"The benchmark single-tube monocular — passive, lightweight night observation for handheld, head-, helmet-mounted or weapon-side use.\", \"image\": \"/img/categories/night-vision/pvs-14.jpg\", \"features\": [\"Single-Tube I² Monocular\", \"Single-Tube I²\", \"Multi-Mount\", \"Passive\"]}, {\"alt\": \"AAD PS31 BNVD-40 dual-tube night vision goggle\", \"cta\": {\"to\": \"/products/ps31-bnvd-40\", \"label\": \"View Product\"}, \"sku\": null, \"name\": \"PS31 BNVD-40\", \"blurb\": \"Dual-tube binocular goggle in the BNVD-40 configuration — true depth perception and a wide field of view for dismounted operators and aviators.\", \"image\": \"/img/categories/night-vision/ps31-bnvd-40.jpg\", \"features\": [\"Dual-Tube Goggle\", \"Dual-Tube\", \"Depth Perception\", \"Autogated\"]}, {\"alt\": \"AAD PS31 BNVD-51 dual-tube night vision goggle\", \"cta\": {\"to\": \"/products/ps31-bnvd-51\", \"label\": \"View Product\"}, \"sku\": null, \"name\": \"PS31 BNVD-51\", \"blurb\": \"The same dual-tube depth-perception performance in the BNVD-51 configuration, with the 51-series interpupillary and mount profile.\", \"image\": \"/img/categories/night-vision/ps31-bnvd-51.jpg\", \"features\": [\"Dual-Tube Goggle\", \"Dual-Tube\", \"BNVD-51\", \"Autogated\"]}, {\"alt\": \"AAD NVM14 modular night vision monocular\", \"cta\": {\"to\": \"/products/nvm14\", \"label\": \"View Product\"}, \"sku\": null, \"name\": \"NVM14\", \"blurb\": \"A modular monocular for handheld, head- or helmet-mounted and weapon-side use, with standard dovetail and bayonet interfaces.\", \"image\": \"/img/categories/night-vision/nvm14.jpg\", \"features\": [\"Modular I² Monocular\", \"Modular\", \"Multi-Mount\", \"I²\"]}], \"columns\": 2}','2026-07-21 13:02:55','2026-07-21 13:02:55'),(15,4,3,'diagramBand',NULL,NULL,'BIX — Ballistic Information Exchange','BIX lets compatible AAD digital optics share ranging and ballistic data directly between devices — no bolt-on accessories, no third-party apps. A spotter ranges a target and the shooter\'s optic has the firing solution, enabling integrated solutions for designated marksmen, reconnaissance teams, and small-unit precision fires.','{\"steps\": [{\"label\": \"Spotter Ranges\"}, {\"label\": \"BIX Data Exchange\"}, {\"label\": \"Shooter Solution\"}], \"visuals\": [{\"alt\": \"BIX ballistic information exchange overview diagram\", \"image\": \"/img/categories/night-vision/bix-diagram-main.svg\", \"isSvg\": true}, {\"alt\": \"BIX ballistic information exchange diagram, part 2\", \"image\": \"/img/categories/night-vision/bix-diagram-2.svg\", \"isSvg\": true}, {\"alt\": \"BIX ballistic information exchange diagram, part 3\", \"image\": \"/img/categories/night-vision/bix-diagram-3.svg\", \"isSvg\": true}]}','2026-07-21 13:02:55','2026-07-21 13:02:55'),(16,5,1,'trustBar',NULL,NULL,NULL,NULL,'{\"items\": [{\"icon\": \"/img/drone-components/trust-usa.svg\", \"label\": \"Made in USA\"}, {\"icon\": \"/img/drone-components/trust-ndaa.png\", \"label\": \"NDAA Compliant\"}], \"background\": {\"image\": \"/img/drone-components/trust-1.png\"}}','2026-07-21 13:02:55','2026-07-21 13:02:55'),(17,5,2,'categoryBlocks',NULL,NULL,'Two Building Blocks. One Stack.','The heart of every AAD platform — imaging plus avionics and compute, all engineered to operate as a single system.','{\"blocks\": [{\"cta\": {\"to\": \"/drone-components/electronics\", \"label\": \"Explore Electronics\"}, \"image\": \"/img/drone-components/blocks-1.png\", \"title\": \"Electronics\", \"bullets\": [\"Flight Controllers — SkyModule X1 / FC7-Lite\", \"GNSS & Navigation — GeoNav Dual\", \"Sensors — FieldSense · AirFlow · MultiSense\", \"Power & Servo — PMU · PowerRail · ServoNode\", \"Edge Compute — ComputeNode Z\"], \"description\": \"The avionics core — flight control, navigation, sensing, power, and edge compute, all on one CAN backbone.\"}, {\"cta\": {\"to\": \"/cameras\", \"label\": \"Explore Cameras\"}, \"image\": \"/img/drone-components/blocks-2.png\", \"title\": \"Cameras\", \"bullets\": [\"Optix daylight & ThermIX thermal\", \"Analog · digital · MIPI interfaces\", \"Sensor and optics engineered together\", \"Feeds ComputeNode Z / Vanta-AI\"], \"description\": \"Daylight and thermal imaging engineered to feed the onboard AI directly — delivered in the interface your platform needs.\"}]}','2026-07-21 13:02:55','2026-07-21 13:02:55'),(18,5,3,'problemSolution',NULL,NULL,NULL,NULL,'{\"problem\": {\"intro\": \"Drone manufacturers often source flight controllers, navigation systems, sensors, and cameras from multiple vendors.\", \"title\": \"Most Drone Programs Fail at Integration\", \"results\": [\"Compatibility issues\", \"Long integration cycles\", \"Vendor lock-in\", \"Increased certification complexity\", \"Reduced system reliability\"]}, \"solution\": {\"text\": \"Cameras and electronics share a common architecture, a single CAN communication standard, and one development philosophy — so integration stops being the hard part.\", \"title\": \"Every Component Engineered to Work Together From Day One\"}}','2026-07-21 13:02:55','2026-07-21 13:02:55'),(19,5,4,'valueGrid',NULL,NULL,'Designed for Integration at Scale',NULL,'{\"cards\": [{\"title\": \"Faster Integration\", \"description\": \"Single ecosystem architecture reduces engineering effort and compatibility risk.\"}, {\"title\": \"Simplified Procurement\", \"description\": \"One supplier for cameras, avionics, and compute.\"}, {\"title\": \"Reduced Program Risk\", \"description\": \"Controlled hardware stack and domestic manufacturing improve supply chain resilience.\"}, {\"title\": \"Future-Ready Architecture\", \"description\": \"Built for autonomous, AI-enabled drone programs.\"}], \"numbered\": true}','2026-07-21 13:02:55','2026-07-21 13:02:55'),(20,5,5,'heritageNewsletter',NULL,NULL,NULL,NULL,'{\"cta\": {\"to\": \"/about-us\", \"label\": \"About AAD\"}, \"text\": \"AAD is the aerospace and defense division of AeroDefences Corp, a Silicon Valley technology company recognized for advancing digital thermal optics and imaging systems for more than three decades. Today, that expertise powers a new generation of American-made drone technologies engineered for government, defense, and industrial operators.\", \"title\": \"Backed by 30 Years of Innovation\", \"images\": [\"/img/drone-components/heritage-1.png\", \"/img/drone-components/heritage-2.png\"], \"newsletter\": {\"text\": \"Receive product announcements, technical briefings, and industry insights from AAD engineers.\", \"title\": \"Stay Ahead of Emerging UAS Technologies\", \"buttonLabel\": \"Receive\"}}','2026-07-21 13:02:55','2026-07-21 13:02:55'),(21,6,1,'flagshipSplit','vanta-ai',NULL,NULL,NULL,'{\"cta\": {\"to\": \"/ai-solutions#vanta-ai\", \"label\": \"Explore Vanta-AI\"}, \"body\": \"Vanta-AI brings onboard detection and identification to the aircraft — processing daylight and thermal imagery in real time, fully air-gapped. But a model is only as good as the data behind it. That\'s why AAD owns the whole pipeline: we generate real, representative datasets and train the models ourselves.\", \"visual\": {\"alt\": \"Vanta-AI detection and classification overlay\", \"image\": \"/img/ai-solutions/flagship-visual.png\"}, \"heading\": \"Vanta-AI\", \"tagline\": \"See More. Understand Faster.\", \"checklist\": [\"Real-time detection & classification\", \"Target identification by signature\", \"Daylight & thermal imagery\", \"Air-gapped, no cloud dependency\"]}','2026-07-21 13:02:56','2026-07-21 13:02:56'),(22,6,2,'valueGrid',NULL,NULL,NULL,NULL,'{\"cards\": [{\"icon\": \"/img/ai-solutions/pillar-dataset.svg\", \"title\": \"Real Dataset Generation\", \"description\": \"Most AI vendors hand you a model and hope your data matches it. We do the opposite. AAD captures and builds representative datasets on the exact cameras the model will run on — matched to your targets, your backgrounds, and your operating conditions, in both daylight and thermal. The model is trained on what it will actually see in the field.\"}, {\"icon\": \"/img/ai-solutions/pillar-training.svg\", \"title\": \"In-House Model Training\", \"description\": \"Detection and identification models are trained, validated, and optimized entirely by AAD — then compiled for onboard inference and pre-loaded per customer order. No outsourced training, no black-box weights you can\'t account for. As your target set evolves, we retrain and redeploy to keep accuracy where it needs to be.\"}], \"redBorder\": true}','2026-07-21 13:02:56','2026-07-21 13:02:56'),(23,6,3,'diagramBand',NULL,NULL,'From Dataset to Strike — One Pipeline','AAD owns every layer, so the model is trained on what it will actually see and runs where the decision has to be made — on the aircraft.','{\"steps\": [{\"icon\": \"/img/ai-solutions/pipeline-icon-1.svg\", \"label\": \"Real Datasets\", \"detail\": \"Captured on the same cameras, targets & conditions\"}, {\"icon\": \"/img/ai-solutions/pipeline-icon-2.svg\", \"label\": \"In-House Training\", \"detail\": \"Trained, validated & compiled by AAD\"}, {\"icon\": \"/img/ai-solutions/pipeline-icon-3.svg\", \"label\": \"Onboard Inference\", \"detail\": \"Runs air-gapped on ComputeNode Z\"}, {\"icon\": \"/img/ai-solutions/pipeline-icon-4.svg\", \"label\": \"Detection & ID\", \"detail\": \"Targets boxed & classified in real time\"}, {\"icon\": \"/img/ai-solutions/pipeline-icon-5.svg\", \"label\": \"Terminal Guidance\", \"detail\": \"AeroLock flies the final approach\"}], \"background\": {\"image\": \"/img/ai-solutions/pipeline-bg.png\"}}','2026-07-21 13:02:56','2026-07-21 13:02:56'),(24,6,4,'valueGrid',NULL,NULL,'Where It\'s Deployed','One perception-and-autonomy stack, applied across the missions that matter most.','{\"cards\": [{\"icon\": \"/img/ai-solutions/usecase-1.png\", \"title\": \"Moving-Target Engagement\", \"description\": \"Hold the lock on targets that move and maneuver.\"}, {\"icon\": \"/img/ai-solutions/usecase-2.png\", \"title\": \"Strike & Interception\", \"description\": \"Vision-locked terminal approach onto a designated target, holding guidance through jamming and spoofing.\"}, {\"icon\": \"/img/ai-solutions/usecase-3.png\", \"title\": \"Counter-UAS\", \"description\": \"Detect and classify small aerial threats against open sky, then cue interception.\"}, {\"icon\": \"/img/ai-solutions/usecase-4.png\", \"title\": \"Search & Detection\", \"description\": \"Find heat signatures and objects of interest through smoke, foliage and degraded visibility.\"}], \"illustration\": true}','2026-07-21 13:02:56','2026-07-21 13:02:56'),(25,6,5,'categoryBlocks',NULL,NULL,'Beyond Perception — Autonomous Flight','Two AAD-developed software capabilities that take the aircraft from \"sees the target\" to \"flies the mission.\"','{\"pills\": true, \"blocks\": [{\"cta\": {\"to\": \"/ai-solutions/aerolock\", \"label\": \"Learn More\"}, \"image\": \"/img/ai-solutions/aerolock.png\", \"title\": \"AeroLock\", \"anchor\": \"aerolock\", \"bullets\": [\"Up to 1 km\", \"Vision-Based\", \"EW / REB Resilient\", \"Spoof-Proof\", \"GPS-Independent\"], \"eyebrow\": \"AAD Software\", \"subtitle\": \"Autonomous Terminal Approach\", \"description\": \"AeroLock takes over for the final approach — autonomously guiding the aircraft onto a designated target at ranges up to 1 km. Because it follows the target visually rather than GPS coordinates, it holds guidance through electronic-warfare (EW/REB) jamming and GPS spoofing — exactly where coordinate-based navigation fails.\"}, {\"cta\": {\"to\": \"/ai-solutions#mission-autopilot\", \"label\": \"Learn More\"}, \"image\": \"/img/ai-solutions/mission-autopilot.png\", \"title\": \"Mission Autopilot\", \"anchor\": \"mission-autopilot\", \"bullets\": [\"Waypoint Navigation\", \"Route Planning\", \"Automatic Mission Flight\", \"Hands-Off\"], \"eyebrow\": \"AAD Software\", \"subtitle\": \"Waypoint & Route Automation\", \"description\": \"Plan it once, fly it hands-off. Mission Autopilot executes pre-set waypoints and routes for fully automatic mission flight — takeoff, navigation, and the mission profile run autonomously on the AAD flight stack, with no operator stick time required.\"}], \"ctaVariant\": \"link\"}','2026-07-21 13:02:56','2026-07-21 13:02:56'),(26,6,6,'valueGrid',NULL,NULL,'When GPS Is Gone, Vision Isn\'t','AAD autonomy follows what the camera sees, not a coordinate it\'s told to trust — so it keeps working exactly where electronic warfare breaks coordinate-based navigation.','{\"dark\": true, \"cards\": [{\"icon\": \"/img/ai-solutions/contested-icon-1.svg\", \"title\": \"GPS-Denied Navigation\", \"description\": \"Vision-based guidance locks onto the target itself, so the mission continues with no satellite fix at all.\"}, {\"icon\": \"/img/ai-solutions/contested-icon-2.svg\", \"title\": \"EW / REB Resilient\", \"description\": \"Holds guidance through active jamming of GPS and command links — no ground-station signal required in the loop.\"}, {\"icon\": \"/img/ai-solutions/contested-icon-3.svg\", \"title\": \"Spoof-Proof\", \"description\": \"Because it doesn\'t trust an external position, a falsified GPS signal can\'t pull the aircraft off its target.\"}], \"background\": {\"image\": \"/img/ai-solutions/contested-bg.png\"}}','2026-07-21 13:02:56','2026-07-21 13:02:56'),(27,6,7,'specSplit',NULL,NULL,NULL,NULL,'{\"cta\": {\"to\": \"/drone-components/electronics/edge-compute/computenode-z\", \"label\": \"View ComputeNode Z\"}, \"body\": \"Vanta-AI is compiled for onboard inference and runs on ComputeNode Z — a field-swappable compute module with a dedicated Hailo accelerator delivering up to 26 TOPS, with no link to a ground station. Detection, identification and terminal guidance all happen on the drone, with direct CAN access to SkyModule X1.\", \"visual\": {\"alt\": \"ComputeNode Z compute module\", \"image\": \"/img/ai-solutions/ComputeNode-visual.png\"}, \"heading\": \"On the Aircraft, Air-Gapped\", \"specCard\": {\"rows\": [{\"label\": \"Compute\", \"value\": \"Raspberry Pi CM4 / CM5\"}, {\"label\": \"AI accelerator\", \"value\": \"Hailo · up to 26 TOPS\"}, {\"label\": \"Connectivity\", \"value\": \"CSI · Ethernet · PCIe · HDMI\"}, {\"label\": \"Flight link\", \"value\": \"CAN to SkyModule X1\"}, {\"label\": \"Power\", \"value\": \"9–34 V (3S–8S)\"}, {\"label\": \"Operation\", \"value\": \"Air-gapped · onboard\"}], \"chips\": [\"Air-Gapped · No Cloud\", \"Up to 26 TOPS · Hailo\", \"CAN to SkyModule\", \"Field-Swappable\"], \"title\": \"ComputeNode Z — at a glance\"}}','2026-07-21 13:02:56','2026-07-21 13:02:56'),(28,6,8,'heritageNewsletter',NULL,NULL,NULL,NULL,'{\"cta\": {\"to\": \"/drone-components/electronics/edge-compute/computenode-z\", \"label\": \"See the Hardware\"}, \"text\": \"AAD software runs on AAD hardware — perception on ComputeNode Z, flight on SkyModule — so detection, terminal guidance, and mission autonomy share one architecture instead of fighting across vendors.\", \"title\": \"One Stack, From Pixel to Flight\", \"images\": [\"/img/ai-solutions/heritage-bg.png\"]}','2026-07-21 13:02:56','2026-07-21 13:02:56'),(29,7,1,'calloutBand',NULL,NULL,NULL,NULL,'{\"tag\": \"Key Advantage\", \"text\": \"Coordinate-based guidance fails the moment GPS is jammed or spoofed. AeroLock follows the target itself — visually — so the final approach holds exactly where other systems break.\"}','2026-07-21 13:02:56','2026-07-21 13:02:56'),(30,7,2,'diagramBand',NULL,NULL,'Lock On and Commit','From designation to impact, the aircraft tracks the target visually — no operator stick time and no coordinate to spoof.','{\"steps\": [{\"icon\": \"/img/ai-solutions/aerolock/how-it-works-icon-1.svg\", \"label\": \"Designate Target\", \"detail\": \"Operator marks the target in the video feed\"}, {\"icon\": \"/img/ai-solutions/aerolock/how-it-works-icon-2.svg\", \"label\": \"Visual Lock\", \"detail\": \"AeroLock locks onto the target\'s appearance\"}, {\"icon\": \"/img/ai-solutions/aerolock/how-it-works-icon-3.svg\", \"label\": \"Autonomous Tracking\", \"detail\": \"Holds the target through maneuver and jamming\"}, {\"icon\": \"/img/ai-solutions/aerolock/how-it-works-icon-4.svg\", \"label\": \"Terminal Approach\", \"detail\": \"Guides the aircraft onto the target, up to 1 km\"}], \"background\": {\"image\": \"/img/ai-solutions/aerolock/how-it-works-bg.png\"}}','2026-07-21 13:02:56','2026-07-21 13:02:56'),(31,7,3,'valueGrid',NULL,NULL,'What AeroLock Does','Autonomy for the final, most contested seconds of the mission.','{\"cards\": [{\"title\": \"Autonomous Terminal Approach\", \"description\": \"Takes over the final approach and guides the aircraft onto a designated target at ranges up to 1 km.\"}, {\"title\": \"Vision-Based Tracking\", \"description\": \"Follows the target by its appearance in the camera feed, not by a coordinate it\'s told to trust.\"}, {\"title\": \"Holds Through Maneuver\", \"description\": \"Keeps the lock as the target moves, turns or accelerates during the approach.\"}, {\"title\": \"EW / REB Resilient\", \"description\": \"No ground-station link in the loop, so active jamming of GPS and command links can\'t break guidance.\"}, {\"title\": \"Spoof-Proof\", \"description\": \"Because it doesn\'t rely on external position, a falsified GPS signal can\'t pull the aircraft off target.\"}, {\"title\": \"GPS-Independent\", \"description\": \"Operates with no satellite fix at all — designed for fully GPS-denied airspace.\"}], \"columns\": 3, \"redBorder\": true}','2026-07-21 13:02:56','2026-07-21 13:02:56'),(32,7,4,'comparison',NULL,NULL,'Beats Jamming & Spoofing','Coordinate-guided weapons trust an external position — jam or spoof it and they drift off target. AeroLock trusts only what it sees.','{\"dark\": true, \"columns\": [{\"image\": {\"alt\": \"\", \"image\": \"/img/ai-solutions/aerolock/beats-jamming-gps.png\"}, \"label\": \"Coordinate-Guided (GPS)\", \"title\": \"Coordinate-Guided (GPS)\", \"verdict\": \"Spoofed → Miss\", \"description\": \"A falsified or jammed position pulls the aircraft off the target — the closer it gets, the worse the error.\"}, {\"image\": {\"alt\": \"\", \"image\": \"/img/ai-solutions/aerolock/beats-jamming-vision.png\"}, \"label\": \"AeroLock Vision-Lock\", \"title\": \"AeroLock Vision-Lock\", \"verdict\": \"Locked → Hit\", \"description\": \"With no external position in the loop, there\'s nothing to jam or spoof — the lock holds straight to impact.\"}]}','2026-07-21 13:02:56','2026-07-21 13:02:56'),(33,7,5,'valueGrid',NULL,NULL,'More Hits, Fewer Aborts','Why a vision-locked terminal approach lands the mission where coordinate guidance can\'t.','{\"cards\": [{\"icon\": \"/img/ai-solutions/aerolock/mission-effectiveness-icon-1.svg\", \"title\": \"Holds Through Maneuver\", \"description\": \"Keeps the lock as the target turns, brakes or accelerates — no lost track at the decisive moment.\"}, {\"icon\": \"/img/ai-solutions/aerolock/mission-effectiveness-icon-2.svg\", \"title\": \"Corrects to the Last Second\", \"description\": \"Closed-loop visual guidance keeps adjusting aim all the way to impact, not just at release.\"}, {\"icon\": \"/img/ai-solutions/aerolock/mission-effectiveness-icon-3.svg\", \"title\": \"No Pilot Skill Needed\", \"description\": \"Autonomy flies the hard final approach — the operator only has to designate the target.\"}, {\"icon\": \"/img/ai-solutions/aerolock/mission-effectiveness-icon-4.svg\", \"title\": \"Fewer Aborts\", \"description\": \"No satellite fix to lose means missions aren\'t scrubbed by jamming or a dropped GPS lock.\"}]}','2026-07-21 13:02:56','2026-07-21 13:02:56'),(34,7,6,'valueGrid',NULL,NULL,'Where It\'s Deployed','Autonomy for engagements where coordinate navigation can\'t be trusted.','{\"cards\": [{\"icon\": \"/img/ai-solutions/aerolock/use-case-1.png\", \"title\": \"Strike & Interception\", \"description\": \"Vision-locked terminal approach onto a designated target, holding guidance through jamming and spoofing.\"}, {\"icon\": \"/img/ai-solutions/aerolock/use-case-2.png\", \"title\": \"Counter-UAS\", \"description\": \"Detect and classify small aerial threats against open sky, then cue interception.\"}, {\"icon\": \"/img/ai-solutions/aerolock/use-case-3.png\", \"title\": \"Moving-Target Engagement\", \"description\": \"Hold the lock on targets that move and maneuver.\"}, {\"icon\": \"/img/ai-solutions/aerolock/use-case-4.png\", \"title\": \"Precision Approach\", \"description\": \"Repeatable, hands-off final approach in contested airspace.\"}], \"background\": {\"image\": \"/img/ai-solutions/aerolock/use-cases-bg.png\"}, \"illustration\": true}','2026-07-21 13:02:56','2026-07-21 13:02:56'),(35,7,7,'diagramBand',NULL,NULL,'From Detection to Lock','AeroLock is the terminal link in the AAD autonomy chain — handed a target by Vanta-AI after Mission Autopilot flies the ingress.','{\"steps\": [{\"icon\": \"/img/ai-solutions/aerolock/detection-lock-mission-autopilot.png\", \"label\": \"Mission Autopilot\", \"detail\": \"Flies the planned ingress to the target area\"}, {\"icon\": \"/img/ai-solutions/aerolock/detection-lock-vanta-ai.png\", \"label\": \"Vanta-AI\", \"detail\": \"Detects and cues the target in the live feed\"}, {\"icon\": \"/img/ai-solutions/aerolock/detection-lock-aerolock.png\", \"label\": \"AeroLock\", \"detail\": \"Locks on and flies the terminal approach\"}], \"photoSteps\": true}','2026-07-21 13:02:56','2026-07-21 13:02:56'),(36,7,8,'specSplit',NULL,NULL,NULL,NULL,'{\"cta\": {\"to\": \"/drone-components/electronics/flight-controllers/skymodule-x1\", \"label\": \"View SkyModule X1\"}, \"body\": \"AeroLock runs on the AAD flight stack — executing on SkyModule X1 and driving the airframe directly, with the target feed coming from Optix-D or ThermIX cameras via ComputeNode Z. Everything stays onboard and air-gapped.\", \"visual\": {\"alt\": \"SkyModule X1 flight controller\", \"image\": \"/img/ai-solutions/aerolock/runs-on-visual.png\"}, \"heading\": \"On the AAD Flight Stack\", \"specCard\": {\"rows\": [{\"label\": \"MCU\", \"value\": \"STM32H743 · 2 MB\"}, {\"label\": \"Firmware\", \"value\": \"Full ArduPilot\"}, {\"label\": \"Redundancy\", \"value\": \"3× IMU · 2× Baro\"}, {\"label\": \"Compute link\", \"value\": \"CAN to ComputeNode Z\"}, {\"label\": \"Input\", \"value\": \"4–8S (max 34 V)\"}, {\"label\": \"Operation\", \"value\": \"Air-gapped · onboard\"}], \"chips\": [\"Runs on SkyModule X1\", \"Vision from Optix / ThermIX\", \"Air-Gapped · Onboard\", \"Up to 1 km\"], \"title\": \"SkyModule X1 — at a glance\"}}','2026-07-21 13:02:56','2026-07-21 13:02:56'),(37,7,9,'compatibleProducts',NULL,NULL,'One Stack, From Pixel to Flight',NULL,'{\"cards\": [{\"cta\": {\"to\": \"/drone-components/electronics/flight-controllers/skymodule-x1\", \"label\": \"View\"}, \"name\": \"SkyModule X1\", \"image\": \"/img/ai-solutions/aerolock/runs-on-visual.png\"}, {\"cta\": {\"to\": \"/ai-solutions\", \"label\": \"View\"}, \"name\": \"Vanta-AI\", \"image\": \"/img/ai-solutions/aerolock/detection-lock-vanta-ai.png\"}, {\"cta\": {\"to\": \"/drone-components/electronics/edge-compute/computenode-z\", \"label\": \"View\"}, \"name\": \"ComputeNode Z\", \"image\": \"/img/ai-solutions/aerolock/compatible-ComputeNode.png\", \"eyebrow\": \"Compute\"}, {\"cta\": {\"to\": \"/ai-solutions#mission-autopilot\", \"label\": \"View\"}, \"name\": \"Mission Autopilot\", \"image\": \"/img/ai-solutions/aerolock/detection-lock-mission-autopilot.png\", \"eyebrow\": \"Autonomy\"}]}','2026-07-21 13:02:56','2026-07-21 13:02:56');
/*!40000 ALTER TABLE `category_page_sections` ENABLE KEYS */;
UNLOCK TABLES;
DROP TABLE IF EXISTS `category_pages`;
/*!40101 SET @saved_cs_client     = @@character_set_client */;
/*!50503 SET character_set_client = utf8mb4 */;
CREATE TABLE `category_pages` (
  `id` bigint unsigned NOT NULL AUTO_INCREMENT,
  `slug` varchar(64) NOT NULL,
  `name` varchar(255) NOT NULL,
  `position` int unsigned NOT NULL DEFAULT '0',
  `breadcrumb` json NOT NULL,
  `hero_layout` varchar(16) NOT NULL DEFAULT 'standard',
  `hero_eyebrow` varchar(255) DEFAULT NULL,
  `hero_title` varchar(255) NOT NULL,
  `hero_title_highlights` json DEFAULT NULL,
  `hero_tagline` varchar(255) DEFAULT NULL,
  `hero_chips` json DEFAULT NULL,
  `hero_lead` text NOT NULL,
  `hero_ctas` json DEFAULT NULL,
  `hero_visual` json NOT NULL,
  `quick_nav` json DEFAULT NULL,
  `meta_title` varchar(255) DEFAULT NULL,
  `meta_description` varchar(500) DEFAULT NULL,
  `og_title` varchar(255) DEFAULT NULL,
  `og_description` varchar(500) DEFAULT NULL,
  `og_image` varchar(500) DEFAULT NULL,
  `canonical` varchar(500) DEFAULT NULL,
  `is_indexable` tinyint(1) NOT NULL DEFAULT '1',
  `created_at` datetime NOT NULL DEFAULT CURRENT_TIMESTAMP,
  `updated_at` datetime NOT NULL DEFAULT CURRENT_TIMESTAMP ON UPDATE CURRENT_TIMESTAMP,
  PRIMARY KEY (`id`),
  UNIQUE KEY `uq_category_pages_slug` (`slug`),
  CONSTRAINT `chk_category_pages_hero_layout` CHECK ((`hero_layout` in (_utf8mb4'standard',_utf8mb4'pageHero')))
) ENGINE=InnoDB AUTO_INCREMENT=8 DEFAULT CHARSET=utf8mb4 COLLATE=utf8mb4_0900_ai_ci COMMENT='Additive landing-page content (SPEC-08), slug-keyed, decoupled from the categories taxonomy tree; SEO fields live here (not urls), resolved decision #4.';
/*!40101 SET character_set_client = @saved_cs_client */;

LOCK TABLES `category_pages` WRITE;
/*!40000 ALTER TABLE `category_pages` DISABLE KEYS */;
INSERT INTO `category_pages` VALUES (1,'drone-components/electronics','Drone Components',3,'[{\"to\": \"/\", \"label\": \"Home\"}, {\"to\": \"/drone-components\", \"label\": \"Drone Components\"}, {\"to\": \"/drone-components/electronics\", \"label\": \"Electronics\"}]','standard',NULL,'The Avionics Core, on One Bus','[\"on One Bus\"]',NULL,NULL,'Flight control, compute, navigation, sensing, and power — every module an independent SKU, all sharing CAN-bus compatibility and Ardupilot connector standards. Engineered to drop in and work together.',NULL,'{\"alt\": \"AAD avionics stack — flight controller, compute, and sensor modules on a CAN backbone\", \"image\": \"/img/categories/drone-components/hero.jpg\"}','[{\"label\": \"Flight Controllers\", \"anchor\": \"flight-controllers\"}, {\"label\": \"Edge Compute\", \"anchor\": \"edge-compute\"}, {\"label\": \"GNSS & Navigation\", \"anchor\": \"gnss-navigation\"}, {\"label\": \"Sensors\", \"anchor\": \"sensors\"}, {\"label\": \"Power & Servo\", \"anchor\": \"power-servo\"}]','Drone Components — The Avionics Core, on One Bus','Flight control, compute, navigation, sensing, and power — every module an independent SKU, all sharing CAN-bus compatibility and Ardupilot connector standards. Engineered to drop in and work together.','Drone Components — The Avionics Core, on One Bus','Flight control, compute, navigation, sensing, and power — every module an independent SKU, all sharing CAN-bus compatibility and Ardupilot connector standards. Engineered to drop in and work together.','/img/categories/drone-components/hero.jpg','/drone-components/electronics',1,'2026-07-21 13:02:55','2026-07-21 13:02:55'),(2,'cameras','Cameras',1,'[{\"to\": \"/\", \"label\": \"Home\"}, {\"to\": \"/cameras\", \"label\": \"Cameras\"}]','pageHero',NULL,'Vision Engineered for the Mission','[\"for the Mission\"]',NULL,NULL,'Daylight and thermal imaging built as complete sensor-and-optics systems — delivered in the interface your platform actually uses, and feeding AAD\'s onboard AI directly. No adapters. No added latency.',NULL,'{\"alt\": \"AAD Cameras — Optix and ThermIX camera lineup\", \"image\": \"/img/categories/cameras/hero.jpg\"}',NULL,'Vision Engineered for the Mission','Daylight and thermal imaging built as complete sensor-and-optics systems — delivered in the interface your platform actually uses, and feeding AAD\'s onboard AI directly. No adapters. No added latency.','Vision Engineered for the Mission','Daylight and thermal imaging built as complete sensor-and-optics systems — delivered in the interface your platform actually uses, and feeding AAD\'s onboard AI directly. No adapters. No added latency.','/img/categories/cameras/hero.jpg','/cameras',1,'2026-07-21 13:02:55','2026-07-21 13:02:55'),(3,'thermal-optics','Thermal Imaging',2,'[{\"to\": \"/\", \"label\": \"Home\"}, {\"to\": \"/thermal-optics\", \"label\": \"Thermal Imaging\"}]','standard',NULL,'Thermal Imaging',NULL,'See Heat. See Through.','[\"12-Micron · 640×480\", \"<25 mK NETD\", \"IR Laser Pointer\", \"IP67 · MIL-STD-810\"]','Thermal imaging gives the operator a decisive advantage in darkness, smoke, dust, fog, and visually degraded conditions — increasingly the primary sensor for ISR, perimeter and border surveillance, search and rescue, force protection, and weapon sighting. Compact, ruggedized, defense-grade.',NULL,'{\"alt\": \"AAD thermal imaging device viewing a heat signature\", \"image\": \"/img/categories/thermal-optics/hero.jpg\"}',NULL,NULL,NULL,NULL,NULL,NULL,'/thermal-optics',1,'2026-07-21 13:02:55','2026-07-21 13:02:56'),(4,'night-vision','Night Vision',4,'[{\"to\": \"/\", \"label\": \"Home\"}, {\"to\": \"/night-vision\", \"label\": \"Night Vision\"}]','standard','Own the Dark.','Night Vision & Digital Day/Night',NULL,NULL,NULL,'Two complementary families of low-light capability: combat-proven image-intensification (I²) for passive, lightweight, all-night observation, and advanced digital day/night optics that add on-device ranging, recording, and ballistic-data exchange in one ruggedized package.',NULL,'{\"alt\": \"AAD night vision optic — I² view, night vision\", \"image\": \"/img/categories/night-vision/hero.jpg\"}',NULL,'Night Vision & Digital Day/Night | AAD','Image-intensification (I²) night vision and digital day/night optics with integrated ranging, recording, and BIX ballistic-data exchange, from AAD.','Night Vision & Digital Day/Night | AAD','Image-intensification (I²) night vision and digital day/night optics with integrated ranging, recording, and BIX ballistic-data exchange, from AAD.','/img/categories/night-vision/hero.jpg','/night-vision',1,'2026-07-21 13:02:55','2026-07-21 13:02:55'),(5,'drone-components','Drone Components',0,'[{\"to\": \"/\", \"label\": \"Home\"}, {\"to\": \"/drone-components\", \"label\": \"Drone Components\"}]','pageHero',NULL,'The Core of the Drone Stack','[\"Drone Stack\"]',NULL,NULL,'Cameras and electronics engineered to one standard and one CAN backbone — so imaging and the avionics core work together from day one. All NDAA-compliant, all built in America.',NULL,'{\"alt\": \"AAD camera and avionics lineup — the core of the drone stack\", \"image\": \"/img/drone-components/hero-1.png\"}',NULL,'Drone Components — The Core of the Drone Stack','Cameras and electronics engineered to one standard and one CAN backbone — so imaging and the avionics core work together from day one. All NDAA-compliant, all built in America.','Drone Components — The Core of the Drone Stack','Cameras and electronics engineered to one standard and one CAN backbone — so imaging and the avionics core work together from day one. All NDAA-compliant, all built in America.','/img/drone-components/hero-1.png','/drone-components',1,'2026-07-21 13:02:55','2026-07-21 13:02:55'),(6,'ai-solutions','AI Solutions',5,'[{\"to\": \"/\", \"label\": \"Home\"}, {\"to\": \"/ai-solutions\", \"label\": \"AI Solutions\"}]','standard',NULL,'Intelligence That Runs on the Aircraft','[\"on the Aircraft\"]',NULL,NULL,'AAD\'s software stack puts perception and autonomy on the drone itself — air-gapped, real-time, and built for GPS-denied, EW-contested environments. From dataset to detection to terminal guidance, every layer is developed in-house.',NULL,'{\"alt\": \"Vanta-AI onboard detection running on an AAD aircraft\", \"image\": \"/img/ai-solutions/hero.png\"}',NULL,'AI Solutions — Intelligence That Runs on the Aircraft','AAD\'s software stack puts perception and autonomy on the drone itself — air-gapped, real-time, and built for GPS-denied, EW-contested environments.','AI Solutions — Intelligence That Runs on the Aircraft','AAD\'s software stack puts perception and autonomy on the drone itself — air-gapped, real-time, and built for GPS-denied, EW-contested environments.','/img/ai-solutions/hero.png','/ai-solutions',1,'2026-07-21 13:02:56','2026-07-21 13:02:56'),(7,'ai-solutions/aerolock','AeroLock',6,'[{\"to\": \"/\", \"label\": \"Home\"}, {\"to\": \"/ai-solutions\", \"label\": \"AI Solutions\"}, {\"to\": \"/ai-solutions/aerolock\", \"label\": \"AeroLock\"}]','standard',NULL,'AeroLock',NULL,'Lock On. Stay Locked.','[\"Up to 1 km\", \"Vision-Based\", \"EW / REB Resilient\", \"Spoof-Proof\", \"GPS-Independent\"]','Autonomous terminal approach — AeroLock guides the aircraft onto a designated target at ranges up to 1 km. Because it follows the target visually rather than GPS coordinates, it holds guidance through electronic-warfare jamming and GPS spoofing, exactly where coordinate-based navigation fails.',NULL,'{\"alt\": \"AeroLock terminal approach visual\", \"image\": \"/img/ai-solutions/aerolock/hero.png\"}',NULL,'AeroLock — Autonomous Terminal Approach','AeroLock guides the aircraft onto a designated target at ranges up to 1 km, holding guidance through GPS jamming and spoofing where coordinate-based navigation fails.','AeroLock — Autonomous Terminal Approach','AeroLock guides the aircraft onto a designated target at ranges up to 1 km, holding guidance through GPS jamming and spoofing where coordinate-based navigation fails.','/img/ai-solutions/aerolock/hero.png','/ai-solutions/aerolock',1,'2026-07-21 13:02:56','2026-07-21 13:02:56');
/*!40000 ALTER TABLE `category_pages` ENABLE KEYS */;
UNLOCK TABLES;
DROP TABLE IF EXISTS `menu_items`;
/*!40101 SET @saved_cs_client     = @@character_set_client */;
/*!50503 SET character_set_client = utf8mb4 */;
CREATE TABLE `menu_items` (
  `id` bigint unsigned NOT NULL AUTO_INCREMENT,
  `menu_id` bigint unsigned NOT NULL,
  `parent_id` bigint unsigned DEFAULT NULL,
  `label` varchar(255) NOT NULL,
  `link` varchar(255) DEFAULT NULL,
  `sort_order` int unsigned NOT NULL DEFAULT '0',
  `has_children` tinyint(1) NOT NULL DEFAULT '0',
  `is_button` tinyint(1) NOT NULL DEFAULT '0',
  `created_at` datetime NOT NULL DEFAULT CURRENT_TIMESTAMP,
  `updated_at` datetime NOT NULL DEFAULT CURRENT_TIMESTAMP ON UPDATE CURRENT_TIMESTAMP,
  PRIMARY KEY (`id`),
  KEY `idx_menu_items_menu_id_sort_order` (`menu_id`,`sort_order`),
  KEY `idx_menu_items_parent_id` (`parent_id`),
  CONSTRAINT `fk_menu_items_menu` FOREIGN KEY (`menu_id`) REFERENCES `menus` (`id`) ON DELETE CASCADE ON UPDATE RESTRICT,
  CONSTRAINT `fk_menu_items_parent` FOREIGN KEY (`parent_id`) REFERENCES `menu_items` (`id`) ON DELETE RESTRICT ON UPDATE RESTRICT
) ENGINE=InnoDB AUTO_INCREMENT=28 DEFAULT CHARSET=utf8mb4 COLLATE=utf8mb4_0900_ai_ci COMMENT='Nav entries for header/utility/footer menus. parent_id self-references for dropdown children (none seeded yet, see 000015); has_children/is_button are stored render flags, not derived counts/types. Cycle prevention on parent_id is NOT enforced at the DB level -- accepted limitation, same as categories (db/migrations/000001_create_categories.up.sql). No FK to categories/products/urls.';
/*!40101 SET character_set_client = @saved_cs_client */;

LOCK TABLES `menu_items` WRITE;
/*!40000 ALTER TABLE `menu_items` DISABLE KEYS */;
INSERT INTO `menu_items` VALUES (1,1,NULL,'Home','/',1,0,0,'2026-07-21 13:02:54','2026-07-21 13:02:54'),(2,1,NULL,'Cameras','/cameras',2,0,0,'2026-07-21 13:02:54','2026-07-21 13:02:54'),(3,1,NULL,'Thermal Optics','/thermal-optics',3,1,0,'2026-07-21 13:02:54','2026-07-21 13:02:54'),(4,1,NULL,'Drone Components','/drone-components',4,1,0,'2026-07-21 13:02:54','2026-07-21 13:02:54'),(5,1,NULL,'AI Solutions','/ai-solutions',5,1,0,'2026-07-21 13:02:54','2026-07-21 13:02:54'),(6,1,NULL,'Night Vision','/night-vision',6,0,0,'2026-07-21 13:02:54','2026-07-21 13:02:54'),(7,1,NULL,'About Us','/about-us',7,0,0,'2026-07-21 13:02:54','2026-07-21 13:02:54'),(8,1,NULL,'Contacts','/contacts',8,0,0,'2026-07-21 13:02:54','2026-07-21 13:02:54'),(9,1,NULL,'Contact Us','/contacts',9,0,1,'2026-07-21 13:02:54','2026-07-21 13:02:56'),(10,2,NULL,'Blog','/blog',1,0,0,'2026-07-21 13:02:54','2026-07-21 13:02:54'),(11,2,NULL,'Contacts','/contacts',2,0,0,'2026-07-21 13:02:54','2026-07-21 13:02:54'),(12,2,NULL,'Sign In','/sign-in',3,0,0,'2026-07-21 13:02:54','2026-07-21 13:02:54'),(13,3,NULL,'Thermal Optics','/thermal-optics',1,0,0,'2026-07-21 13:02:54','2026-07-21 13:02:54'),(14,3,NULL,'Cameras','/cameras',2,0,0,'2026-07-21 13:02:54','2026-07-21 13:02:54'),(15,3,NULL,'Drone Components','/drone-components',3,0,0,'2026-07-21 13:02:54','2026-07-21 13:02:54'),(16,3,NULL,'AI Solutions','/ai-solutions',4,0,0,'2026-07-21 13:02:54','2026-07-21 13:02:54'),(17,3,NULL,'Night Vision (I²)','/night-vision',5,0,0,'2026-07-21 13:02:54','2026-07-21 13:02:54'),(18,4,NULL,'About Us','/about-us',1,0,0,'2026-07-21 13:02:54','2026-07-21 13:02:54'),(19,4,NULL,'Blog','/blog',2,0,0,'2026-07-21 13:02:54','2026-07-21 13:02:54'),(20,4,NULL,'Contacts','/contacts',3,0,0,'2026-07-21 13:02:54','2026-07-21 13:02:54'),(21,4,NULL,'My Account','/my-account',4,0,0,'2026-07-21 13:02:54','2026-07-21 13:02:54'),(22,5,NULL,'General: info@','mailto:info@aerodefences.example',1,0,0,'2026-07-21 13:02:54','2026-07-21 13:02:54'),(23,5,NULL,'Gov & DoD: gov@','mailto:gov@aerodefences.example',2,0,0,'2026-07-21 13:02:54','2026-07-21 13:02:54'),(24,5,NULL,'Contact Us','/contacts',3,0,0,'2026-07-21 13:02:54','2026-07-21 13:02:56'),(25,1,5,'Vanta-AI','/ai-solutions',1,0,0,'2026-07-21 13:02:56','2026-07-21 13:02:56'),(26,1,5,'AeroLock','/ai-solutions/aerolock',2,0,0,'2026-07-21 13:02:56','2026-07-21 13:02:56'),(27,1,5,'Mission Autopilot','/ai-solutions#mission-autopilot',3,0,0,'2026-07-21 13:02:56','2026-07-21 13:02:56');
/*!40000 ALTER TABLE `menu_items` ENABLE KEYS */;
UNLOCK TABLES;
DROP TABLE IF EXISTS `menus`;
/*!40101 SET @saved_cs_client     = @@character_set_client */;
/*!50503 SET character_set_client = utf8mb4 */;
CREATE TABLE `menus` (
  `id` bigint unsigned NOT NULL AUTO_INCREMENT,
  `location` varchar(64) NOT NULL,
  `title` varchar(255) DEFAULT NULL,
  `created_at` datetime NOT NULL DEFAULT CURRENT_TIMESTAMP,
  `updated_at` datetime NOT NULL DEFAULT CURRENT_TIMESTAMP ON UPDATE CURRENT_TIMESTAMP,
  PRIMARY KEY (`id`),
  UNIQUE KEY `uq_menus_location` (`location`)
) ENGINE=InnoDB AUTO_INCREMENT=6 DEFAULT CHARSET=utf8mb4 COLLATE=utf8mb4_0900_ai_ci COMMENT='Named menu locations (header primary nav, utility bar, footer columns). title is the footer column heading text; NULL where a location has no heading (header_primary, utility).';
/*!40101 SET character_set_client = @saved_cs_client */;

LOCK TABLES `menus` WRITE;
/*!40000 ALTER TABLE `menus` DISABLE KEYS */;
INSERT INTO `menus` VALUES (1,'header_primary',NULL,'2026-07-21 13:02:54','2026-07-21 13:02:54'),(2,'utility',NULL,'2026-07-21 13:02:54','2026-07-21 13:02:54'),(3,'footer_capabilities','Capabilities','2026-07-21 13:02:54','2026-07-21 13:02:54'),(4,'footer_company','Company','2026-07-21 13:02:54','2026-07-21 13:02:54'),(5,'footer_inquiries','Inquiries','2026-07-21 13:02:54','2026-07-21 13:02:54');
/*!40000 ALTER TABLE `menus` ENABLE KEYS */;
UNLOCK TABLES;
DROP TABLE IF EXISTS `product_badges`;
/*!40101 SET @saved_cs_client     = @@character_set_client */;
/*!50503 SET character_set_client = utf8mb4 */;
CREATE TABLE `product_badges` (
  `id` bigint unsigned NOT NULL AUTO_INCREMENT,
  `product_id` bigint unsigned NOT NULL,
  `label` varchar(255) NOT NULL,
  `sort_order` int unsigned NOT NULL DEFAULT '0',
  PRIMARY KEY (`id`),
  KEY `idx_product_badges_product_id` (`product_id`),
  CONSTRAINT `fk_product_badges_product` FOREIGN KEY (`product_id`) REFERENCES `products` (`id`) ON DELETE CASCADE ON UPDATE CASCADE
) ENGINE=InnoDB AUTO_INCREMENT=78 DEFAULT CHARSET=utf8mb4 COLLATE=utf8mb4_0900_ai_ci;
/*!40101 SET character_set_client = @saved_cs_client */;

LOCK TABLES `product_badges` WRITE;
/*!40000 ALTER TABLE `product_badges` DISABLE KEYS */;
INSERT INTO `product_badges` VALUES (1,3,'CM4 / CM5',1),(2,3,'up to 26 TOPS · Hailo',2),(3,3,'9–34V (3S–8S)',3),(4,3,'CSI · Ethernet · PCIe · HDMI',4),(5,3,'CAN',5),(6,1,'STM32H743 · 2MB',1),(7,1,'3× IMU · 2× Baro',2),(8,1,'4–8S (max 34V)',3),(9,1,'6× UART + 2× CAN',4),(10,1,'12× PWM',5),(11,1,'ArduPilot',6),(12,2,'STM32H743',1),(13,2,'2× IMU',2),(14,2,'GIMBAL',3),(15,2,'ESC 4-IN-1',4),(16,2,'CAN',5),(17,2,'4× PWM',6),(18,5,'RM3100 (PNI, USA)',1),(19,5,'I²C',2),(20,5,'13 nT',3),(21,5,'35 × 24 mm',4),(22,5,'2 g',5),(23,6,'RM3100 (PNI, USA)',1),(24,6,'CAN · DroneCAN',2),(25,6,'13 nT',3),(26,6,'7–34V',4),(27,6,'2 g',5),(28,4,'L1 + L5',1),(29,4,'Anti-Spoofing',2),(30,4,'6 Constellations',3),(31,4,'135 Satellites',4),(32,4,'UBX · 230400',5),(33,9,'16S',1),(34,9,'200A cont.',2),(35,9,'DroneCAN',3),(36,9,'ESC control',4),(37,9,'Short-circuit protected',5),(38,10,'14S',1),(39,10,'100A cont.',2),(40,10,'DroneCAN',3),(41,10,'ESC control',4),(42,10,'Short-circuit protected',5),(43,11,'Stacks on FC7',1),(44,11,'60–70A cont · 120A pk',2),(45,11,'BEC 4A · 5/8V',3),(46,11,'6× Servo',4),(47,11,'30.5×30.5 mm',5),(48,12,'4–14S',1),(49,12,'65V',2),(50,12,'5V/7.4V/8V',3),(51,12,'10A cont · 20A peak',4),(52,12,'up to 12 PWM',5),(53,8,'GNSS L1+L5',1),(54,8,'RM3100',2),(55,8,'Airspeed ≤550',3),(56,8,'BMP390',4),(57,8,'5–34V · CAN',5),(58,13,'4× PWM / ESC + telemetry',1),(59,13,'up to 34V (8S)',2),(60,13,'5V/8V · 4A',3),(61,13,'7 g',4),(62,7,'up to 550 km/h',1),(63,7,'MS5525 · DLVR',2),(64,7,'DroneCAN',3),(65,7,'5V or 9–34V',4),(66,7,'Heated',5),(67,14,'Digital Ethernet',1),(68,14,'MIPI CSI-2',2),(69,14,'2.4 MP STARVIS 2',3),(70,14,'FOV(H) 123°',4),(71,14,'Ethernet or MIPI',5),(72,15,'Digital Ethernet · ThermIX-D',1),(73,15,'Analog + USB · ThermIX-A',2),(74,15,'Uncooled LWIR 640×480',3),(75,15,'NETD <15 mK',4),(76,15,'9 / 25 mm optics',5),(77,15,'Ethernet or Analog',6);
/*!40000 ALTER TABLE `product_badges` ENABLE KEYS */;
UNLOCK TABLES;
DROP TABLE IF EXISTS `product_faqs`;
/*!40101 SET @saved_cs_client     = @@character_set_client */;
/*!50503 SET character_set_client = utf8mb4 */;
CREATE TABLE `product_faqs` (
  `id` bigint unsigned NOT NULL AUTO_INCREMENT,
  `product_id` bigint unsigned NOT NULL,
  `question` varchar(500) NOT NULL,
  `answer` text NOT NULL,
  `sort_order` int unsigned NOT NULL DEFAULT '0',
  `created_at` datetime NOT NULL DEFAULT CURRENT_TIMESTAMP,
  `updated_at` datetime NOT NULL DEFAULT CURRENT_TIMESTAMP ON UPDATE CURRENT_TIMESTAMP,
  PRIMARY KEY (`id`),
  KEY `idx_product_faqs_product_id` (`product_id`),
  CONSTRAINT `fk_product_faqs_product` FOREIGN KEY (`product_id`) REFERENCES `products` (`id`) ON DELETE CASCADE ON UPDATE CASCADE
) ENGINE=InnoDB AUTO_INCREMENT=66 DEFAULT CHARSET=utf8mb4 COLLATE=utf8mb4_0900_ai_ci COMMENT='Per-product FAQ entries; ordered by sort_order; empty for a product = FAQ section hidden.';
/*!40101 SET character_set_client = @saved_cs_client */;

LOCK TABLES `product_faqs` WRITE;
/*!40000 ALTER TABLE `product_faqs` DISABLE KEYS */;
INSERT INTO `product_faqs` VALUES (1,3,'How much onboard AI compute does ComputeNode Z provide?','Up to 26 TOPS of onboard inference via a Hailo accelerator, running on a field-swappable Raspberry Pi CM4/CM5 module — no cloud or datalink dependency.',1,'2026-07-21 13:02:55','2026-07-21 13:02:55'),(2,3,'What is ComputeNode Z compatible with?','ComputeNode Z is built to run as one system on the AAD stack — it pairs with SkyModule X1, GeoNav Dual, Cameras and AI Solutions.',2,'2026-07-21 13:02:55','2026-07-21 13:02:55'),(3,3,'How does ComputeNode Z connect?','It connects via FC link; Cameras; Networking.',3,'2026-07-21 13:02:55','2026-07-21 13:02:55'),(4,3,'What\'s included in the box?','1× Drone Pi motherboard. Exact Hailo module, OS image and software stack, cooling and first-setup guide — see the Knowledge Base.',4,'2026-07-21 13:02:55','2026-07-21 13:02:55'),(5,3,'Is ComputeNode Z NDAA-compliant and made in the USA?','Yes — ComputeNode Z is NDAA-compliant and made in the USA.',5,'2026-07-21 13:02:55','2026-07-21 13:02:55'),(6,1,'What MCU and sensors does SkyModule X1 use?','An STM32H743 with 2 MB flash running full ArduPilot, backed by triple IMUs (ICM45686 ×2, BMI270) and dual DPS368 barometers for redundancy.',1,'2026-07-21 13:02:55','2026-07-21 13:02:55'),(7,1,'What is SkyModule X1 compatible with?','SkyModule X1 is built to run as one system on the AAD stack — it pairs with GeoNav Dual, FieldSense CAN, PowerCore EX and PowerRail 14S.',2,'2026-07-21 13:02:55','2026-07-21 13:02:55'),(8,1,'How does SkyModule X1 connect?','It connects via USB · SD card; 1× UART with RTS/CTS (SERIAL1); 6× UART · 2× CAN.',3,'2026-07-21 13:02:55','2026-07-21 13:02:55'),(9,1,'What\'s included in the box?','1× H7-Basic V3 · 1× USB & Buzzer board · 4× damper grommets · JST-GH 1.25 mm cable set (3/4/5/6/7/8-pin).',4,'2026-07-21 13:02:55','2026-07-21 13:02:55'),(10,1,'Is SkyModule X1 NDAA-compliant and made in the USA?','Yes — SkyModule X1 is NDAA-compliant and made in the USA.',5,'2026-07-21 13:02:55','2026-07-21 13:02:55'),(11,2,'How is SkyModule X1-Lite different from the FC7?','It\'s a weight-optimized STM32H743 board with dual ICM42688-P IMUs, native digital FPV output and built-in gimbal and 4-in-1 ESC ports — FC7-class flight control without the adapter modules.',1,'2026-07-21 13:02:55','2026-07-21 13:02:55'),(12,2,'What is SkyModule X1-Lite compatible with?','SkyModule X1-Lite is built to run as one system on the AAD stack — it pairs with SkyModule X1, GeoNav Dual, FieldSense CAN and ComputeNode Z.',2,'2026-07-21 13:02:55','2026-07-21 13:02:55'),(13,2,'How does SkyModule X1-Lite connect?','It connects via GIMBAL; ESC 4-in-1; CAN.',3,'2026-07-21 13:02:55','2026-07-21 13:02:55'),(14,2,'What\'s included in the box?','1× H7-Lite board · JST GH-1.25 mm cable set · ArduPilot firmware 4.5.5 and 4.6.3 with H7-Lite Defines · 3D models for the board and USB adapter.',4,'2026-07-21 13:02:55','2026-07-21 13:02:55'),(15,2,'Is SkyModule X1-Lite NDAA-compliant and made in the USA?','Yes — SkyModule X1-Lite is NDAA-compliant and made in the USA.',5,'2026-07-21 13:02:55','2026-07-21 13:02:55'),(16,4,'How does GeoNav Dual resist GPS spoofing?','Simultaneous L1+L5 reception detects spoofing, and a hardware relay physically cuts GPS power on detection — so false coordinates never reach the flight stack, not just a software warning.',1,'2026-07-21 13:02:55','2026-07-21 13:02:55'),(17,4,'What is GeoNav Dual compatible with?','GeoNav Dual is built to run as one system on the AAD stack — it pairs with SkyModule X1, FieldSense CAN, MultiSense and AirFlow CAN.',2,'2026-07-21 13:02:55','2026-07-21 13:02:55'),(18,4,'How does GeoNav Dual connect?','It connects via UART · UBX protocol @ 230400 bps (TX/RX); Compass over I2C (SDA/SCL); 5V · GND.',3,'2026-07-21 13:02:55','2026-07-21 13:02:55'),(19,4,'What\'s included in the box?','1× GNSS module · 1× passive ceramic antenna (50×50×10 mm) · GNSS & I2C compass cables.',4,'2026-07-21 13:02:55','2026-07-21 13:02:55'),(20,4,'Is GeoNav Dual NDAA-compliant and made in the USA?','Yes — GeoNav Dual is NDAA-compliant and made in the USA.',5,'2026-07-21 13:02:55','2026-07-21 13:02:55'),(21,5,'Why does FieldSense use an RM3100 instead of a MEMS compass?','FieldSense uses an industrial RM3100 (PNI Sensor, USA) over I²C with 13 nT resolution and isolated coils for high noise immunity — a clear heading even on high-current multirotors.',1,'2026-07-21 13:02:55','2026-07-21 13:02:55'),(22,5,'What is FieldSense compatible with?','FieldSense is built to run as one system on the AAD stack — it pairs with SkyModule X1, FieldSense CAN, GeoNav Dual and MultiSense.',2,'2026-07-21 13:02:55','2026-07-21 13:02:55'),(23,5,'How does FieldSense connect?','It connects via I²C; Mount X forward, Y right (or in 90° multiples); Change address for multiple compasses.',3,'2026-07-21 13:02:55','2026-07-21 13:02:55'),(24,5,'What\'s included in the box?','1× FieldSense (I²C) module with RM3100 sensor.',4,'2026-07-21 13:02:55','2026-07-21 13:02:55'),(25,5,'Is FieldSense NDAA-compliant and made in the USA?','Yes — FieldSense is NDAA-compliant and made in the USA.',5,'2026-07-21 13:02:55','2026-07-21 13:02:55'),(26,6,'How is FieldSense CAN different from the I²C FieldSense?','Same RM3100 precision, but as a DroneCAN node on the shared CAN bus (7–34 V, 2S–8S straight from the battery) with two connectors for daisy-chaining — one fewer dedicated port on the flight controller.',1,'2026-07-21 13:02:55','2026-07-21 13:02:55'),(27,6,'What is FieldSense CAN compatible with?','FieldSense CAN is built to run as one system on the AAD stack — it pairs with SkyModule X1, GeoNav Dual, MultiSense and FieldSense.',2,'2026-07-21 13:02:55','2026-07-21 13:02:55'),(28,6,'How does FieldSense CAN connect?','It connects via CAN · DroneCAN node on the shared CAN bus; Two CAN connectors for daisy-chaining; Pinout: CAN_H · CAN_L · VBAT · 5V · GND.',3,'2026-07-21 13:02:55','2026-07-21 13:02:55'),(29,6,'What\'s included in the box?','1× FieldSense CAN module · CAN daisy-chain cabling.',4,'2026-07-21 13:02:55','2026-07-21 13:02:55'),(30,6,'Is FieldSense CAN NDAA-compliant and made in the USA?','Yes — FieldSense CAN is NDAA-compliant and made in the USA.',5,'2026-07-21 13:02:55','2026-07-21 13:02:55'),(31,7,'What airspeed range does AirFlow CAN measure?','Up to 550 km/h using MS5525 / DLVR-L10 / DLVR-L60 pressure sensors, over a DroneCAN interface immune to UAV power-system noise, with an included heating module for the pitot tube.',1,'2026-07-21 13:02:55','2026-07-21 13:02:55'),(32,7,'What is AirFlow CAN compatible with?','AirFlow CAN is built to run as one system on the AAD stack — it pairs with SkyModule X1, GeoNav Dual, MultiSense and PowerRail 14S.',2,'2026-07-21 13:02:55','2026-07-21 13:02:55'),(33,7,'How does AirFlow CAN connect?','It connects via 2× CAN connectors (CAN_H, CAN_L, VBAT, 5V, GND); Daisy-chain onto the shared CAN bus; Redundant dual-power feed.',3,'2026-07-21 13:02:55','2026-07-21 13:02:55'),(34,7,'What\'s included in the box?','1× AirFlow CAN module · 1× pitot tube · 1× heating module · CAN cabling.',4,'2026-07-21 13:02:55','2026-07-21 13:02:55'),(35,7,'Is AirFlow CAN NDAA-compliant and made in the USA?','Yes — AirFlow CAN is NDAA-compliant and made in the USA.',5,'2026-07-21 13:02:55','2026-07-21 13:02:55'),(36,8,'What sensors are combined in MultiSense?','A single CAN module combining dual-band (L1+L5) GNSS, an industrial RM3100 magnetometer, airspeed up to 550 km/h and a BMP390 barometer — four sensors\' worth of capability in one node.',1,'2026-07-21 13:02:55','2026-07-21 13:02:55'),(37,8,'What is MultiSense compatible with?','MultiSense is built to run as one system on the AAD stack — it pairs with SkyModule X1, GeoNav Dual, FieldSense CAN and AirFlow CAN.',2,'2026-07-21 13:02:55','2026-07-21 13:02:55'),(38,8,'How does MultiSense connect?','It connects via CAN (DroneCAN) — joins the shared bus; Dual CAN connectors; VBAT 4–8S · 5V · GND.',3,'2026-07-21 13:02:55','2026-07-21 13:02:55'),(39,8,'What\'s included in the box?','1× MultiSense module (selected configuration) · CAN cable set.',4,'2026-07-21 13:02:55','2026-07-21 13:02:55'),(40,8,'Is MultiSense NDAA-compliant and made in the USA?','Yes — MultiSense is NDAA-compliant and made in the USA.',5,'2026-07-21 13:02:55','2026-07-21 13:02:55'),(41,9,'What current and battery range does CAN PMU 16S handle?','8–16S input with 200 A continuous (400 A peak), delivering current measurement, ESC control and regulated power to the flight controller and peripherals over the CAN bus — short-circuit protected.',1,'2026-07-21 13:02:55','2026-07-21 13:02:55'),(42,9,'What is CAN PMU 16S compatible with?','CAN PMU 16S is built to run as one system on the AAD stack — it pairs with SkyModule X1, PowerCore EX, PowerRail 14S and ServoNode x4.',2,'2026-07-21 13:02:55','2026-07-21 13:02:55'),(43,9,'How does CAN PMU 16S connect?','It connects via Battery input — 8AWG terminals; 2× CAN outputs (regulated 24V) to FC & peripherals; 2× VBAT on Microfit.',3,'2026-07-21 13:02:55','2026-07-21 13:02:55'),(44,9,'What\'s included in the box?','1× CAN PMU 16S 200A module. See the Knowledge Base for the full package contents diagram.',4,'2026-07-21 13:02:55','2026-07-21 13:02:55'),(45,9,'Is CAN PMU 16S NDAA-compliant and made in the USA?','Yes — CAN PMU 16S is NDAA-compliant and made in the USA.',5,'2026-07-21 13:02:55','2026-07-21 13:02:55'),(46,10,'How does CAN PMU Lite 14S compare to the 16S?','It\'s the lighter mid-class version: 8–14S input with 100 A continuous (160 A for 5 s, 320 A measurement limit), with the same CAN-bus power, monitoring and ESC control.',1,'2026-07-21 13:02:55','2026-07-21 13:02:55'),(47,10,'What is CAN PMU Lite 14S compatible with?','CAN PMU Lite 14S is built to run as one system on the AAD stack — it pairs with SkyModule X1, PowerCore EX, PowerRail 14S and ServoNode x4.',2,'2026-07-21 13:02:55','2026-07-21 13:02:55'),(48,10,'How does CAN PMU Lite 14S connect?','It connects via Battery input — Microfit; 2× CAN outputs (regulated 24V) to FC and peripherals; 2× VBAT on Microfit.',3,'2026-07-21 13:02:55','2026-07-21 13:02:55'),(49,10,'What\'s included in the box?','CAN PMU Lite 14S module with connection cabling — see the Knowledge Base for the full package list.',4,'2026-07-21 13:02:55','2026-07-21 13:02:55'),(50,10,'Is CAN PMU Lite 14S NDAA-compliant and made in the USA?','Yes — CAN PMU Lite 14S is NDAA-compliant and made in the USA.',5,'2026-07-21 13:02:55','2026-07-21 13:02:55'),(51,11,'What does PowerCore EX add to a SkyModule X1?','It stacks directly on the FC7 (matching 30.5×30.5 mm) via a 22-pin FFC ribbon, adding 60–70 A continuous (120 A peak) current sensing, a 4 A 5V/8V BEC and six servo channels — no separate board stack.',1,'2026-07-21 13:02:55','2026-07-21 13:02:55'),(52,11,'What is PowerCore EX compatible with?','PowerCore EX is built to run as one system on the AAD stack — it pairs with SkyModule X1, PowerRail 14S, ServoNode x4 and CAN PMU 16S.',2,'2026-07-21 13:02:55','2026-07-21 13:02:55'),(53,11,'How does PowerCore EX connect?','It connects via To FC7 — 22-pin FFC 0.5 mm ribbon (stacks on top); XT60 — battery / ESC power; 6× servo headers (GND, VS, PWM), 5V/8V selectable.',3,'2026-07-21 13:02:55','2026-07-21 13:02:55'),(54,11,'What\'s included in the box?','1× PowerCore EX board · XT60 connector · pre-installed servo header strip · 22-pin FFC 0.5 mm ribbon to FC.',4,'2026-07-21 13:02:55','2026-07-21 13:02:55'),(55,11,'Is PowerCore EX NDAA-compliant and made in the USA?','Yes — PowerCore EX is NDAA-compliant and made in the USA.',5,'2026-07-21 13:02:55','2026-07-21 13:02:55'),(56,12,'How many servos can PowerRail 14S drive?','Up to 12 PWM channels with a high-current 5V/7.4V/8V BEC (10 A continuous, 20 A peak) straight from 4–14S (max 65 V) — and outputs 1–4 can read ESC telemetry with a SkyModule X1.',1,'2026-07-21 13:02:55','2026-07-21 13:02:55'),(57,12,'What is PowerRail 14S compatible with?','PowerRail 14S is built to run as one system on the AAD stack — it pairs with SkyModule X1, PowerCore EX, ServoNode x4 and CAN PMU 16S.',2,'2026-07-21 13:02:55','2026-07-21 13:02:55'),(58,12,'How does PowerRail 14S connect?','It connects via Power input — up to 14S (65V) via Microfit; 12× servo outputs (GND, VS, PWM); channels 1–4 can read ESC telemetry (with SkyModule X1); PWM input — up to 12 signals from the FC via JST-GH 1.25 14-pin.',3,'2026-07-21 13:02:55','2026-07-21 13:02:55'),(59,12,'What\'s included in the box?','1× PowerRail 14S · 1× JST-GH 1.25 mm 14-pin cable · mounting standoffs.',4,'2026-07-21 13:02:55','2026-07-21 13:02:55'),(60,12,'Is PowerRail 14S NDAA-compliant and made in the USA?','Yes — PowerRail 14S is NDAA-compliant and made in the USA.',5,'2026-07-21 13:02:55','2026-07-21 13:02:55'),(61,13,'How does ServoNode x4 protect the flight controller?','It powers and controls four servos plus an ESC over DroneCAN and isolates the load from the controller — so a servo short or stall (up to 34 V / 8S, selectable 5V/8V output) never reaches the autopilot.',1,'2026-07-21 13:02:55','2026-07-21 13:02:55'),(62,13,'What is ServoNode x4 compatible with?','ServoNode x4 is built to run as one system on the AAD stack — it pairs with SkyModule X1, PowerRail 14S, PowerCore EX and CAN PMU 16S.',2,'2026-07-21 13:02:55','2026-07-21 13:02:55'),(63,13,'How does ServoNode x4 connect?','It connects via CAN — DroneCAN (dual connectors) to the flight controller; 4× servo outputs (GND, VS, PWM); ESC output with telemetry (GND, TELEM, PWM); PWM or DSHOT.',3,'2026-07-21 13:02:55','2026-07-21 13:02:55'),(64,13,'What\'s included in the box?','1× ServoNode x4 node. Full box contents are detailed in the Knowledge Base.',4,'2026-07-21 13:02:55','2026-07-21 13:02:55'),(65,13,'Is ServoNode x4 NDAA-compliant and made in the USA?','Yes — ServoNode x4 is NDAA-compliant and made in the USA.',5,'2026-07-21 13:02:55','2026-07-21 13:02:55');
/*!40000 ALTER TABLE `product_faqs` ENABLE KEYS */;
UNLOCK TABLES;
DROP TABLE IF EXISTS `product_features`;
/*!40101 SET @saved_cs_client     = @@character_set_client */;
/*!50503 SET character_set_client = utf8mb4 */;
CREATE TABLE `product_features` (
  `id` bigint unsigned NOT NULL AUTO_INCREMENT,
  `product_id` bigint unsigned NOT NULL,
  `position` int unsigned NOT NULL,
  `icon` varchar(500) DEFAULT NULL,
  `title` varchar(255) NOT NULL,
  `body` text NOT NULL,
  PRIMARY KEY (`id`),
  KEY `idx_product_features_product_id` (`product_id`),
  CONSTRAINT `fk_product_features_product` FOREIGN KEY (`product_id`) REFERENCES `products` (`id`) ON DELETE CASCADE ON UPDATE CASCADE
) ENGINE=InnoDB AUTO_INCREMENT=61 DEFAULT CHARSET=utf8mb4 COLLATE=utf8mb4_0900_ai_ci;
/*!40101 SET character_set_client = @saved_cs_client */;

LOCK TABLES `product_features` WRITE;
/*!40000 ALTER TABLE `product_features` DISABLE KEYS */;
INSERT INTO `product_features` VALUES (1,3,1,'/img/products/computenode-z/hl-1.svg','Field-Swappable Module','Carries a Raspberry Pi CM4 or CM5 as a field-replaceable module — upgrade compute without touching the airframe.'),(2,3,2,'/img/products/computenode-z/hl-2.svg','Up To 26 TOPS','A dedicated Hailo accelerator delivers up to 26 TOPS of onboard inference, with no link to a ground station.'),(3,3,3,'/img/products/computenode-z/hl-3.svg','Camera I/O','CSI inputs (2× on CM4, 1× on CM5) feed raw data straight to the ISP, plus 100 Mbit Ethernet for digital cameras.'),(4,3,4,'/img/products/computenode-z/hl-4.svg','PCIe & HDMI Output','PCIe expansion and ESD-protected Mini HDMI for displays, recorders and downlink hardware.'),(5,1,1,'/img/products/skymodule-x1/hl-1.svg','Triple-IMU Redundancy','Three IMUs and dual barometers — a single sensor failure never compromises flight stability.'),(6,1,2,'/img/products/skymodule-x1/hl-2.svg','Compass Return Without GPS','Returns home by compass at a set pitch — without yawing the copter — when satellites are jammed or lost.'),(7,1,3,'/img/products/skymodule-x1/hl-3.svg','Ballistic Aiming Assistant','An OSD aiming reticle offset by pitch/roll within the camera FOV, on both analog and digital FPV.'),(8,1,4,'/img/products/skymodule-x1/hl-4.svg','Anti-EW Video Switching','Switches the VTX channel synchronously from a transmitter switch to dodge electronic-warfare video jamming.'),(9,2,1,'/img/products/skymodule-x1-lite/hl-1.svg','Compact Dual-IMU Autopilot','STM32H743 with two ICM42688-P IMUs delivers FC7-class flight control in a weight-optimized form factor.'),(10,2,2,'/img/products/skymodule-x1-lite/hl-2.svg','Dedicated Gimbal Port','A native gimbal port isolates payload control from flight-critical paths — no external adapter module required.'),(11,2,3,'/img/products/skymodule-x1-lite/hl-3.svg','Integrated 4-in-1 ESC','Built-in 4-in-1 ESC interface with current, telemetry and voltage sense over a single connector.'),(12,2,4,'/img/products/skymodule-x1-lite/hl-4.svg','Native Digital FPV','Native digital FPV video output drives modern video systems directly, with no adapter modules.'),(13,5,1,'/img/products/fieldsense/hl-1.svg','RM3100 Isolated Coils','The industrial RM3100 sensor from PNI Sensor (USA) uses isolated coils for stable, repeatable magnetic readings.'),(14,5,2,'/img/products/fieldsense/hl-2.svg','13 nT Resolution','A fine 13 nT resolution delivers a precise, low-noise heading reference for accurate navigation.'),(15,5,3,'/img/products/fieldsense/hl-3.svg','EMI Immunity','High noise immunity holds a clear heading even on high-current multirotors where motors defeat other magnetometers.'),(16,5,4,'/img/products/fieldsense/hl-4.svg','Light 2 g Module','At just 2 g and 35 × 24 mm, FieldSense adds negligible weight and footprint to any airframe.'),(17,6,1,'/img/products/fieldsense-can/hl-1.svg','RM3100 Precision','Industrial PNI RM3100 sensor (USA) with 13 nT resolution and isolated coils for a stable, high-resolution heading.'),(18,6,2,'/img/products/fieldsense-can/hl-2.svg','Single-Cable Daisy-Chain','CAN / DroneCAN node joins the shared AAD backbone — daisy-chain it on with one cable through its dual CAN connectors.'),(19,6,3,'/img/products/fieldsense-can/hl-3.svg','EMI Immunity','Isolated coils plus a digital CAN bus shrug off motor and ESC noise that swamps other magnetometers on high-current builds.'),(20,6,4,'/img/products/fieldsense-can/hl-4.svg','FC7 Compass Return','The recommended magnetometer for the SkyModule X1 “compass return without GPS” feature in EW-contested airspace.'),(21,4,1,'/img/products/geonav-dual/hl-1.svg','Dual-Band L1 + L5','Simultaneous reception on L1 (1575.42 MHz) and L5 (1176.45 MHz) for faster fix, multipath rejection and stronger anti-spoofing.'),(22,4,2,'/img/products/geonav-dual/hl-2.svg','Hardware Anti-Spoof Relay','On spoofing detection a hardware relay physically cuts GPS power — false coordinates never enter the flight stack, not just a software warning.'),(23,4,3,'/img/products/geonav-dual/hl-3.svg','6 Constellations · 135 Sats','GPS, BeiDou, GLONASS, Galileo, QZSS and NAVIC — tracking up to 135 satellites simultaneously for a robust, redundant fix.'),(24,4,4,'/img/products/geonav-dual/hl-4.svg','Built-In Compass','Integrated QMC5883L magnetometer over I2C with orientation referenced at the mounting hole for clean heading data.'),(25,9,1,'/img/products/can-pmu-16s/hl-1.svg','200A Continuous on 16S','VBAT OUT delivers up to 200 A continuous (400 A peak) on 8–16S, with 8AWG terminals for the battery input.'),(26,9,2,'/img/products/can-pmu-16s/hl-2.svg','DroneCAN Telemetry','Voltage and current measurement streamed over UAVCAN / DroneCAN — EM-noise immunity through the CAN bus.'),(27,9,3,'/img/products/can-pmu-16s/hl-3.svg','ESC Control + Power','Dedicated PWM output with ESC telemetry pins (GND, TELEM, PWM, OFF) and VBAT power for the ESC, DSHOT or PWM.'),(28,9,4,'/img/products/can-pmu-16s/hl-4.svg','Remote ESC OFF','Sends an OFF signal to shut down a DC-DC ESC for safe ground handling (confirm support with the ESC maker).'),(29,10,1,'/img/products/can-pmu-lite-14s/hl-1.svg','100A Continuous on 14S','VBAT for the ESC up to 100 A continuous, with a 160 A (5 s) burst and a 320 A measurement limit.'),(30,10,2,'/img/products/can-pmu-lite-14s/hl-2.svg','CAN Telemetry','UAVCAN / DroneCAN voltage and current telemetry with EM-noise immunity over the CAN bus.'),(31,10,3,'/img/products/can-pmu-lite-14s/hl-3.svg','ESC Control & Power','A separate PWM output with ESC telemetry (GND, TELEM, PWM, OFF), selectable DSHOT or PWM, plus VBAT power.'),(32,10,4,'/img/products/can-pmu-lite-14s/hl-4.svg','Remote ESC OFF','Sends an OFF signal to disable a DC-DC ESC (confirm support with the ESC maker).'),(33,11,1,'/img/products/powercore-ex/hl-1.svg','Direct FC7 Stack','Matching 30.5 × 30.5 mm footprint mounts on top of SkyModule X1 to minimize cable runs.'),(34,11,2,'/img/products/powercore-ex/hl-2.svg','120A Peak Current Sensing','60–70 A continuous, 120 A peak — accurate energy data to the autopilot for state-of-charge tracking.'),(35,11,3,'/img/products/powercore-ex/hl-3.svg','6× Servo 5V/8V BEC','Six-channel servo rail with selectable 5V or 8V output for standard and HV servos, no external adapters.'),(36,11,4,'/img/products/powercore-ex/hl-4.svg','ESD-Protected PWM','Hardened servo outputs — anything over 5V is shunted to GND to protect downstream electronics.'),(37,12,1,'/img/products/powerrail-14s/hl-1.svg','High-Current BEC','10A continuous and 20A peak straight from the battery — enough headroom for heavy servo loads.'),(38,12,2,'/img/products/powerrail-14s/hl-2.svg','Selectable Voltage','Output rail switchable between 5V, 7.4V and 8V to match your servos and actuators.'),(39,12,3,'/img/products/powerrail-14s/hl-3.svg','Up to 12 PWM','Carries up to 12 PWM signals from the controller via a single JST-GH 1.25 14-pin link.'),(40,12,4,'/img/products/powerrail-14s/hl-4.svg','ESC Telemetry on Ch 1–4','Outputs 1–4 can switch from supplying power to receiving ESC telemetry when paired with H7-Basic.'),(41,8,1,'/img/products/multisense/hl-1.svg','Six Configs, One SKU','A single AAD-MultiSense part number ships in six factory configurations of GNSS, compass, airspeed and barometer.'),(42,8,2,'/img/products/multisense/hl-2.svg','Dual-Band GNSS','L1+L5 dual-band reception for faster, more robust positioning — L1 at 4.5 dBi, L5 at 2.1 dBi antenna gain.'),(43,8,3,'/img/products/multisense/hl-3.svg','Industrial RM3100 Compass','High-stability RM3100 magnetometer for reliable heading, including compass-guided return without GPS.'),(44,8,4,'/img/products/multisense/hl-4.svg','Airspeed to 550 km/h','Optional airspeed sensing (MS5525 or DLVR-L10) measures up to 550 km/h for fixed-wing and high-speed platforms.'),(45,13,1,'/img/products/servonode-x4/hl-1.svg','4× PWM / DSHOT over CAN','Four independent servo outputs (GND, VS, PWM) driven over UAVCAN / DroneCAN — no signal wires back to the autopilot.'),(46,13,2,'/img/products/servonode-x4/hl-2.svg','ESC Output + Telemetry','A separate ESC control output (GND, TELEM, PWM) supporting PWM or DSHOT, with motor telemetry returned over the bus.'),(47,13,3,'/img/products/servonode-x4/hl-3.svg','Load Isolated From the FC','Servo and ESC loads sit on the node, not the controller — a servo fault never reaches the flight controller.'),(48,13,4,'/img/products/servonode-x4/hl-4.svg','EM-Noise Immunity','Moving control onto the differential CAN bus keeps actuator switching noise off the autopilot\'s sensitive lines.'),(49,7,1,'/img/products/airflow-can/hl-1.svg','Airspeed to 550 km/h','Measures dynamic pressure across the full UAV envelope — accurate readings from loiter speed up to 550 km/h.'),(50,7,2,'/img/products/airflow-can/hl-2.svg','MS5525 / DLVR Options','Two sensor variants — MS5525 or DLVR-L10/L60 — to match the airframe\'s speed range and pressure resolution.'),(51,7,3,'/img/products/airflow-can/hl-3.svg','DroneCAN Digital Link','Pure digital CAN telemetry to the autopilot — no analog ADC line to pick up motor and power-system noise.'),(52,7,4,'/img/products/airflow-can/hl-4.svg','Heated Pitot','Integrated heating module clears icing and condensation, keeping the pitot accurate in cold, humid air.'),(53,14,1,'/img/products/Optix-d/hl-1.svg','STARVIS 2 + Clear HDR','Back-illuminated 2.4 MP sensor with Clear HDR — clean image through dawn, dusk, fog and high-contrast urban scenes.'),(54,14,2,'/img/products/Optix-d/hl-2.svg','Ultra-Low Latency','Under 50 ms glass-to-stream over Ethernet — and under 10 ms on the MIPI CSI-2 variant, so the pilot and the autopilot act on what they see in real time.'),(55,14,3,'/img/products/Optix-d/hl-3.svg','AI-Ready Pipeline','Native digital output built to be read directly by an onboard detection model — no frame grabber in the loop.'),(56,14,4,'/img/products/Optix-d/hl-4.svg','Native Digital Ethernet','UDP / RTSP H.264 / H.265 over a single Ethernet link — no analog VTX and no transcoding step.'),(57,15,1,'/img/products/ThermIX/hl-1.svg','High-Sensitivity VOx Core','A 12 µm uncooled FPA at NETD < 15 mK delivers clean thermal contrast in the hardest conditions.'),(58,15,2,'/img/products/ThermIX/hl-2.svg','Sees Through the Dark','Detection in total darkness, smoke, fog and degraded visibility — day or night, no illumination required.'),(59,15,3,'/img/products/ThermIX/hl-3.svg','Two Output Variants','Digital Ethernet (ThermIX-D) for onboard AI, or analog CVBS plus USB UVC (ThermIX-A) for legacy FPV chains.'),(60,15,4,'/img/products/ThermIX/hl-4.svg','Interchangeable Optics','9 mm wide or 25 mm long-range Germanium lenses, matched to the mission profile.');
/*!40000 ALTER TABLE `product_features` ENABLE KEYS */;
UNLOCK TABLES;
DROP TABLE IF EXISTS `product_images`;
/*!40101 SET @saved_cs_client     = @@character_set_client */;
/*!50503 SET character_set_client = utf8mb4 */;
CREATE TABLE `product_images` (
  `id` bigint unsigned NOT NULL AUTO_INCREMENT,
  `product_id` bigint unsigned NOT NULL,
  `url` varchar(500) NOT NULL,
  `alt` varchar(255) DEFAULT NULL,
  `is_primary` tinyint(1) NOT NULL DEFAULT '0',
  `sort_order` int unsigned NOT NULL DEFAULT '0',
  `primary_product_id` bigint unsigned GENERATED ALWAYS AS ((case when (`is_primary` = 1) then `product_id` end)) VIRTUAL COMMENT 'Virtual column used only to enforce at most one is_primary=1 row per product_id via a UNIQUE index; NULL (non-primary rows) do not collide under UNIQUE.',
  PRIMARY KEY (`id`),
  UNIQUE KEY `uq_product_images_primary_product` (`primary_product_id`),
  KEY `idx_product_images_product_id` (`product_id`),
  CONSTRAINT `fk_product_images_product` FOREIGN KEY (`product_id`) REFERENCES `products` (`id`) ON DELETE CASCADE ON UPDATE CASCADE
) ENGINE=InnoDB AUTO_INCREMENT=16 DEFAULT CHARSET=utf8mb4 COLLATE=utf8mb4_0900_ai_ci;
/*!40101 SET character_set_client = @saved_cs_client */;

LOCK TABLES `product_images` WRITE;
/*!40000 ALTER TABLE `product_images` DISABLE KEYS */;
INSERT INTO `product_images` (`id`, `product_id`, `url`, `alt`, `is_primary`, `sort_order`) VALUES (1,3,'/img/products/computenode-z/computenode-z.png','ComputeNode Z',1,1),(2,1,'/img/products/skymodule-x1/skymodule-x1.png','SkyModule X1',1,1),(3,2,'/img/products/skymodule-x1-lite/skymodule-x1-lite.png','SkyModule X1-Lite',1,1),(4,5,'/img/products/fieldsense/fieldsense.png','FieldSense',1,1),(5,6,'/img/products/fieldsense-can/fieldsense-can.png','FieldSense CAN',1,1),(6,4,'/img/products/geonav-dual/geonav-dual.png','GeoNav Dual',1,1),(7,9,'/img/products/can-pmu-16s/can-pmu-16s.png','CAN PMU 16S',1,1),(8,10,'/img/products/can-pmu-lite-14s/can-pmu-lite-14s.png','CAN PMU Lite 14S',1,1),(9,11,'/img/products/powercore-ex/powercore-ex.png','PowerCore EX',1,1),(10,12,'/img/products/powerrail-14s/powerrail-14s.png','PowerRail 14S',1,1),(11,8,'/img/products/multisense/multisense.png','MultiSense',1,1),(12,13,'/img/products/servonode-x4/servonode-x4.png','ServoNode x4',1,1),(13,7,'/img/products/airflow-can/airflow-can.png','AirFlow CAN',1,1),(14,14,'/img/products/Optix-d/Optix-d.png','Optix-D',1,1),(15,15,'/img/products/ThermIX/ThermIX.png','ThermIX',1,1);
/*!40000 ALTER TABLE `product_images` ENABLE KEYS */;
UNLOCK TABLES;
DROP TABLE IF EXISTS `product_relations`;
/*!40101 SET @saved_cs_client     = @@character_set_client */;
/*!50503 SET character_set_client = utf8mb4 */;
CREATE TABLE `product_relations` (
  `id` bigint unsigned NOT NULL AUTO_INCREMENT,
  `product_id` bigint unsigned NOT NULL,
  `related_product_id` bigint unsigned DEFAULT NULL,
  `related_category_id` bigint unsigned DEFAULT NULL,
  `relation_type` enum('compatible','accessory','related','replacement') NOT NULL,
  `group_label` varchar(255) DEFAULT NULL,
  `label` varchar(255) DEFAULT NULL,
  `link` varchar(500) DEFAULT NULL,
  `image` varchar(500) DEFAULT NULL,
  PRIMARY KEY (`id`),
  KEY `idx_product_relations_product_id` (`product_id`),
  KEY `idx_product_relations_related_product_id` (`related_product_id`),
  KEY `idx_product_relations_related_category_id` (`related_category_id`),
  CONSTRAINT `fk_product_relations_product` FOREIGN KEY (`product_id`) REFERENCES `products` (`id`) ON DELETE CASCADE ON UPDATE RESTRICT,
  CONSTRAINT `fk_product_relations_related_category` FOREIGN KEY (`related_category_id`) REFERENCES `categories` (`id`) ON DELETE CASCADE ON UPDATE RESTRICT,
  CONSTRAINT `fk_product_relations_related_product` FOREIGN KEY (`related_product_id`) REFERENCES `products` (`id`) ON DELETE CASCADE ON UPDATE RESTRICT,
  CONSTRAINT `ck_product_relations_no_self` CHECK (((`related_product_id` is null) or (`related_product_id` <> `product_id`))),
  CONSTRAINT `ck_product_relations_target` CHECK ((((`related_product_id` is not null) and (`related_category_id` is null) and (`label` is null) and (`link` is null)) or ((`related_category_id` is not null) and (`related_product_id` is null) and (`label` is null) and (`link` is null)) or ((`related_product_id` is null) and (`related_category_id` is null) and (`label` is not null) and (`link` is not null))))
) ENGINE=InnoDB AUTO_INCREMENT=61 DEFAULT CHARSET=utf8mb4 COLLATE=utf8mb4_0900_ai_ci COMMENT='Polymorphic product relations; exactly one of related_product_id/related_category_id must be set (ck_product_relations_xor_target), and a product cannot relate to itself (ck_product_relations_no_self).';
/*!40101 SET character_set_client = @saved_cs_client */;

LOCK TABLES `product_relations` WRITE;
/*!40000 ALTER TABLE `product_relations` DISABLE KEYS */;
INSERT INTO `product_relations` VALUES (1,3,1,NULL,'compatible','Flight Controller',NULL,NULL,NULL),(2,3,4,NULL,'compatible','Navigation',NULL,NULL,NULL),(3,3,NULL,NULL,'compatible','Imaging','Cameras','/cameras',NULL),(4,3,NULL,NULL,'compatible','Software','AI Solutions','/ai-solutions',NULL),(5,1,4,NULL,'compatible','Navigation',NULL,NULL,NULL),(6,1,6,NULL,'compatible','Sensing',NULL,NULL,NULL),(7,1,11,NULL,'compatible','Power',NULL,NULL,NULL),(8,1,12,NULL,'compatible','Servo',NULL,NULL,NULL),(9,2,1,NULL,'compatible','Flight Controller',NULL,NULL,NULL),(10,2,4,NULL,'compatible','Navigation',NULL,NULL,NULL),(11,2,6,NULL,'compatible','Sensing',NULL,NULL,NULL),(12,2,3,NULL,'compatible','Compute',NULL,NULL,NULL),(13,5,1,NULL,'compatible','Flight Controller',NULL,NULL,NULL),(14,5,6,NULL,'compatible','Sensing',NULL,NULL,NULL),(15,5,4,NULL,'compatible','Navigation',NULL,NULL,NULL),(16,5,8,NULL,'compatible','Sensing',NULL,NULL,NULL),(17,6,1,NULL,'compatible','Flight Controller',NULL,NULL,NULL),(18,6,4,NULL,'compatible','Navigation',NULL,NULL,NULL),(19,6,8,NULL,'compatible','Sensing',NULL,NULL,NULL),(20,6,5,NULL,'compatible','Magnetometer',NULL,NULL,NULL),(21,4,1,NULL,'compatible','Flight Controller',NULL,NULL,NULL),(22,4,6,NULL,'compatible','Sensing',NULL,NULL,NULL),(23,4,8,NULL,'compatible','Sensing',NULL,NULL,NULL),(24,4,7,NULL,'compatible','Sensing',NULL,NULL,NULL),(25,9,1,NULL,'compatible','Flight Controller',NULL,NULL,NULL),(26,9,11,NULL,'compatible','Power',NULL,NULL,NULL),(27,9,12,NULL,'compatible','Servo',NULL,NULL,NULL),(28,9,13,NULL,'compatible','Servo',NULL,NULL,NULL),(29,10,1,NULL,'compatible','Flight Controller',NULL,NULL,NULL),(30,10,11,NULL,'compatible','Power',NULL,NULL,NULL),(31,10,12,NULL,'compatible','Servo',NULL,NULL,NULL),(32,10,13,NULL,'compatible','Servo',NULL,NULL,NULL),(33,11,1,NULL,'compatible','Flight Controller',NULL,NULL,NULL),(34,11,12,NULL,'compatible','Servo',NULL,NULL,NULL),(35,11,13,NULL,'compatible','Servo',NULL,NULL,NULL),(36,11,9,NULL,'compatible','Power',NULL,NULL,NULL),(37,12,1,NULL,'compatible','Flight Controller',NULL,NULL,NULL),(38,12,11,NULL,'compatible','Power',NULL,NULL,NULL),(39,12,13,NULL,'compatible','Servo',NULL,NULL,NULL),(40,12,9,NULL,'compatible','Power',NULL,NULL,NULL),(41,8,1,NULL,'compatible','Flight Controller',NULL,NULL,NULL),(42,8,4,NULL,'compatible','Navigation',NULL,NULL,NULL),(43,8,6,NULL,'compatible','Sensing',NULL,NULL,NULL),(44,8,7,NULL,'compatible','Airspeed',NULL,NULL,NULL),(45,13,1,NULL,'compatible','Flight Controller',NULL,NULL,NULL),(46,13,12,NULL,'compatible','Servo',NULL,NULL,NULL),(47,13,11,NULL,'compatible','Power',NULL,NULL,NULL),(48,13,9,NULL,'compatible','Power',NULL,NULL,NULL),(49,7,1,NULL,'compatible','Flight Controller',NULL,NULL,NULL),(50,7,4,NULL,'compatible','Navigation',NULL,NULL,NULL),(51,7,8,NULL,'compatible','Sensing',NULL,NULL,NULL),(52,7,12,NULL,'compatible','Power',NULL,NULL,NULL),(53,14,3,NULL,'compatible','Compute',NULL,NULL,'/img/products/_compat/computenode-z.png'),(54,14,15,NULL,'compatible','Thermal',NULL,NULL,'/img/products/ThermIX/ThermIX.png'),(55,14,1,NULL,'compatible','Flight Control',NULL,NULL,'/img/products/_compat/skymodule-x1.png'),(56,14,NULL,NULL,'compatible','AI','Vanta-AI','/ai-solutions','/img/products/_compat/vanta-ai.png'),(57,15,3,NULL,'compatible','Compute',NULL,NULL,'/img/products/_compat/computenode-z.png'),(58,15,14,NULL,'compatible','Daylight',NULL,NULL,'/img/products/Optix-d/Optix-d.png'),(59,15,1,NULL,'compatible','Flight Control',NULL,NULL,'/img/products/_compat/skymodule-x1.png'),(60,15,NULL,NULL,'compatible','AI','Vanta-AI','/ai-solutions','/img/products/_compat/vanta-ai.png');
/*!40000 ALTER TABLE `product_relations` ENABLE KEYS */;
UNLOCK TABLES;
DROP TABLE IF EXISTS `product_sections`;
/*!40101 SET @saved_cs_client     = @@character_set_client */;
/*!50503 SET character_set_client = utf8mb4 */;
CREATE TABLE `product_sections` (
  `id` bigint unsigned NOT NULL AUTO_INCREMENT,
  `product_id` bigint unsigned NOT NULL,
  `position` int unsigned NOT NULL,
  `type` varchar(32) NOT NULL,
  `data` json NOT NULL,
  `created_at` datetime NOT NULL DEFAULT CURRENT_TIMESTAMP,
  `updated_at` datetime NOT NULL DEFAULT CURRENT_TIMESTAMP ON UPDATE CURRENT_TIMESTAMP,
  PRIMARY KEY (`id`),
  UNIQUE KEY `uq_product_sections_product_position` (`product_id`,`position`),
  CONSTRAINT `fk_product_sections_product` FOREIGN KEY (`product_id`) REFERENCES `products` (`id`) ON DELETE CASCADE ON UPDATE CASCADE,
  CONSTRAINT `chk_product_sections_type` CHECK ((`type` in (_utf8mb4'edgeToEdgeOptics',_utf8mb4'wieldAiIntegration',_utf8mb4'thermalOptics')))
) ENGINE=InnoDB AUTO_INCREMENT=6 DEFAULT CHARSET=utf8mb4 COLLATE=utf8mb4_0900_ai_ci COMMENT='Ordered typed per-product sections (SPEC-11), mirroring category_page_sections; UNIQUE(product_id, position) makes per-product render order explicit and satisfies the FK-index requirement (no separate KEY on product_id).';
/*!40101 SET character_set_client = @saved_cs_client */;

LOCK TABLES `product_sections` WRITE;
/*!40000 ALTER TABLE `product_sections` DISABLE KEYS */;
INSERT INTO `product_sections` VALUES (1,14,1,'edgeToEdgeOptics','{\"images\": [{\"alt\": \"Optix-D edge-to-edge sharpness test image\", \"url\": \"/img/products/Optix-d/edge-center.png\", \"note\": \"Every signature locked — corners and center.\", \"caption\": \"AAD Optix-D · Edge-to-Edge\", \"variant\": \"center\"}, {\"alt\": \"Typical lens center-only sharpness sample\", \"url\": \"/img/products/Optix-d/edge-typical.png\", \"note\": \"Edges soften — targets missed at the corners.\", \"caption\": \"Typical Lens · Center Only\", \"variant\": \"typical\"}], \"heading\": \"Edge-to-Edge Optics\", \"oneLine\": \"A target the AI can\'t resolve is a target it can\'t engage — so we don\'t cut corners on the glass.\", \"paragraphs\": [\"Most low-cost camera lenses are only sharp in the center of the frame. Toward the edges the image softens, and detection and identification models start to miss or misclassify targets that drift away from the middle of the picture.\", \"Optix-D uses a high-quality lens that holds a uniform, sharp image across the entire frame. Targets are detected and identified just as reliably at the edges as they are dead-center — which matters most in the seconds before a target leaves the field of view.\"]}','2026-07-21 13:02:56','2026-07-21 13:02:56'),(2,14,2,'wieldAiIntegration','{\"cta\": {\"link\": \"/ai-solutions\", \"label\": \"Explore Vanta-AI →\"}, \"lead\": \"Optix-D isn\'t a camera that happens to feed an AI — it\'s built for ours. Vanta-AI runs detection and identification on the live video, drawing a box and a confidence score around every target the model recognises.\", \"image\": {\"alt\": \"Live Vanta-AI detection overlay on the Optix-D video feed\", \"url\": \"/img/products/Optix-d/vanta-ai.png\", \"caption\": \"Live Vanta-AI detections on the Optix-D feed — class label and confidence per target.\"}, \"heading\": \"Tuned for Our Models\", \"features\": [{\"body\": \"We can provide a representative sample dataset — and a fully trained model — so you can validate detection and identification before you commit.\", \"title\": \"Test Dataset on Request\"}, {\"body\": \"We set the tonemapping and image tuning ourselves, calibrated to the conditions our models are trained on — not a generic factory profile.\", \"title\": \"In-House Tonemapping & Tuning\"}, {\"body\": \"Because we build both, sensor output and model expectations line up — stronger detection and fewer missed targets out of the box.\", \"title\": \"Camera & Model, Matched\"}]}','2026-07-21 13:02:56','2026-07-21 13:02:56'),(3,15,1,'thermalOptics','{\"lead\": \"Two field-swappable Germanium lenses on the same 640×480 core. Field of view is the trade-off — a wider lens keeps more of the scene in frame, a longer lens magnifies distant heat signatures so the model detects and identifies them sooner.\", \"lenses\": [{\"name\": \"9 mm Lens\", \"blurb\": \"The all-round default — broad situational awareness for mid-range strike, FPV and ISR, keeping the target in frame through aggressive terminal maneuvers.\", \"specs\": [{\"label\": \"Focal\", \"value\": \"9 mm\"}, {\"label\": \"Aperture\", \"value\": \"F/1.2\"}, {\"label\": \"FOV\", \"value\": \"46° × 35°\"}, {\"label\": \"Focus\", \"value\": \"Fixed ∞\"}, {\"label\": \"Material\", \"value\": \"Germanium\"}], \"subtitle\": \"Wide · 46° × 35°\"}, {\"name\": \"25 mm Lens\", \"blurb\": \"Long-range observation and stand-off detection — the tighter field magnifies distant heat signatures for earlier detection and identification.\", \"specs\": [{\"label\": \"Focal\", \"value\": \"25 mm\"}, {\"label\": \"Aperture\", \"value\": \"F/1.0\"}, {\"label\": \"FOV\", \"value\": \"17.5° × 13°\"}, {\"label\": \"Focus\", \"value\": \"Fixed ∞\"}, {\"label\": \"Material\", \"value\": \"Germanium\"}], \"subtitle\": \"Narrow · 17.5° × 13°\"}], \"heading\": \"Interchangeable Thermal Optics\", \"footnote\": \"Both lenses mount on the same 640×480 · 12 µm core and share the fixed-infinity, deploy-and-go setup. FOV figures are computed for that detector.\"}','2026-07-21 13:02:56','2026-07-21 13:02:56'),(4,15,2,'edgeToEdgeOptics','{\"images\": [{\"alt\": \"ThermIX edge-to-edge thermal sharpness test image\", \"url\": \"/img/products/ThermIX/edge-center.png\", \"note\": \"Every signature locked — corners and center.\", \"caption\": \"AAD ThermIX · Edge-to-Edge\", \"variant\": \"center\"}, {\"alt\": \"Typical thermal lens center-only sharpness sample\", \"url\": \"/img/products/ThermIX/edge-typical.png\", \"note\": \"Edges soften — targets missed at the corners.\", \"caption\": \"Typical Lens · Center Only\", \"variant\": \"typical\"}], \"heading\": \"Edge-to-Edge Optics\", \"oneLine\": \"A heat signature the AI can\'t resolve is a target it can\'t engage — so we don\'t cut corners on the glass.\", \"paragraphs\": [\"Most low-cost thermal lenses are only sharp in the center of the frame. Toward the edges the thermal image softens, and detection models start to miss or misclassify heat signatures that drift away from the middle of the picture.\", \"ThermIX uses a high-quality Germanium lens that holds a uniform, sharp thermal image across the entire frame. Targets are detected and identified just as reliably at the edges as they are dead-center — which matters most in the seconds before a target leaves the field of view.\"]}','2026-07-21 13:02:56','2026-07-21 13:02:56'),(5,15,3,'wieldAiIntegration','{\"cta\": {\"link\": \"/ai-solutions\", \"label\": \"Explore Vanta-AI →\"}, \"lead\": \"ThermIX isn\'t a thermal camera that happens to feed an AI — it\'s built for ours. Vanta-AI runs detection and identification on the live thermal video, drawing a box and a confidence score around every heat signature the model recognises.\", \"image\": {\"alt\": \"Live Vanta-AI detection overlay on the ThermIX thermal video feed\", \"url\": \"/img/products/ThermIX/vanta-ai.png\", \"caption\": \"Live Vanta-AI detections on the ThermIX thermal feed — class label and confidence per target.\"}, \"heading\": \"Tuned for Our Models\", \"features\": [{\"body\": \"We can provide a representative thermal dataset — and a fully trained model — so you can validate detection and identification before you commit.\", \"title\": \"Test Dataset on Request\"}, {\"body\": \"We set the thermal tonemapping, NUC and palette ourselves, calibrated to the conditions our models are trained on — not a generic factory profile.\", \"title\": \"In-House Tuning, NUC & Palettes\"}, {\"body\": \"Because we build both, sensor output and model expectations line up — stronger detection and fewer missed targets out of the box.\", \"title\": \"Camera & Model, Matched\"}]}','2026-07-21 13:02:56','2026-07-21 13:02:56');
/*!40000 ALTER TABLE `product_sections` ENABLE KEYS */;
UNLOCK TABLES;
DROP TABLE IF EXISTS `product_specs`;
/*!40101 SET @saved_cs_client     = @@character_set_client */;
/*!50503 SET character_set_client = utf8mb4 */;
CREATE TABLE `product_specs` (
  `id` bigint unsigned NOT NULL AUTO_INCREMENT,
  `product_id` bigint unsigned NOT NULL,
  `spec_group` varchar(64) NOT NULL COMMENT 'Discriminator; accepted values currently: specification, connection_interface. Not an ENUM since more groups may appear later.',
  `spec_name` varchar(255) NOT NULL,
  `spec_value` varchar(500) NOT NULL,
  `sort_order` int unsigned NOT NULL DEFAULT '0',
  PRIMARY KEY (`id`),
  KEY `idx_product_specs_product_id` (`product_id`),
  KEY `idx_product_specs_product_id_spec_group` (`product_id`,`spec_group`),
  CONSTRAINT `fk_product_specs_product` FOREIGN KEY (`product_id`) REFERENCES `products` (`id`) ON DELETE CASCADE ON UPDATE CASCADE
) ENGINE=InnoDB AUTO_INCREMENT=226 DEFAULT CHARSET=utf8mb4 COLLATE=utf8mb4_0900_ai_ci;
/*!40101 SET character_set_client = @saved_cs_client */;

LOCK TABLES `product_specs` WRITE;
/*!40000 ALTER TABLE `product_specs` DISABLE KEYS */;
INSERT INTO `product_specs` VALUES (1,3,'specification','Compute','Raspberry Pi CM4 or CM5 (field-swappable module)',1),(2,3,'specification','AI processor','Quad-Core 64-bit',2),(3,3,'specification','AI accelerator','Hailo — up to 26 TOPS of onboard inference',3),(4,3,'specification','Power','3S–8S airframe bus · built-in 9–34V converter · stable 5V to the Pi',4),(5,3,'specification','FC link','SERIAL port + hardware CAN (MCP2518FDT on SPI0) — direct to SkyModule X1, no adapters',5),(6,3,'specification','Cameras','CSI: 2× (CM4) / 1× (CM5) · ESD protection · 22-pin connector — raw data to the ISP',6),(7,3,'specification','Network / output','100 Mbit Ethernet (Starlink, GCS) · PCIe · Mini HDMI with ESD protection',7),(8,3,'specification','USB','USB 2.0 via JST-GH (5V up to 2A, overload protection) + 3× USB 2.0 on FFC (in development)',8),(9,3,'specification','Dimensions','81.6 × 47 mm',9),(10,3,'connection_interface','FC link','SERIAL/UART + hardware CAN (MCP2518FDT on SPI0)',1),(11,3,'connection_interface','Cameras','2× CSI (CM4) / 1× CSI (CM5), 22-pin, ESD-protected',2),(12,3,'connection_interface','Networking','100 Mbit Ethernet · PCIe · Mini HDMI',3),(13,3,'connection_interface','USB','USB 2.0 via JST-GH + 2× FFC USB ports',4),(14,3,'connection_interface','Power input','9–34V (3S–8S)',5),(15,1,'specification','MCU','STM32H743 · 2 MB flash — full ArduPilot',1),(16,1,'specification','IMU (3×)','ICM45686, ICM45686, BMI270',2),(17,1,'specification','Barometer (2×)','DPS368, DPS368 · I²C 0x77',3),(18,1,'specification','Input power','VBAT 4–8S (max 34 V)',4),(19,1,'specification','Voltage sensing','ADC up to 12S',5),(20,1,'specification','BEC','5V 4A (servo/PWM) · 12V 2A (relay-switched)',6),(21,1,'specification','PWM / DSHOT','12× PWM in 3 DSHOT groups (Group 3 = PWM only)',7),(22,1,'specification','Operating temp.','−20 … +55 °C',8),(23,1,'specification','Dimensions','80 × 40.5 mm · profile ~10.3 mm',9),(24,1,'specification','Mounting','30.5 × 30.5 mm · 4× Ø4 mm',10),(25,1,'specification','Warranty','90 days',11),(26,1,'connection_interface','USB · SD card','',1),(27,1,'connection_interface','1× UART with RTS/CTS (SERIAL1)','',2),(28,1,'connection_interface','6× UART · 2× CAN','',3),(29,1,'connection_interface','2× I²C (internal + external)','',4),(30,1,'connection_interface','4× PWM (ESC 4-in-1) · 4× PWM (5V 4A) · 6× PWM (servo rail)','',5),(31,1,'connection_interface','2× analog video input · analog current input','',6),(32,1,'connection_interface','2× payload relays','',7),(33,1,'connection_interface','Connectors: JST GH-1.25 mm · PH-2.0 mm','',8),(34,2,'specification','MCU','STM32H743 / 2 MB RAM — ArduPilot / PX4',1),(35,2,'specification','IMU (2×)','ICM42688-P, ICM42688-P',2),(36,2,'specification','Barometer (2×)','DPS310, BMP390',3),(37,2,'specification','Video','Native digital FPV output',4),(38,2,'specification','Input power','VBAT 4–8S (max 34 V)',5),(39,2,'specification','Mounting','30.5 × 30.5 mm',6),(40,2,'specification','Connectors','JST GH-1.25 mm',7),(41,2,'connection_interface','GIMBAL','dedicated gimbal port (TX2/RX2, 5V, 12V, RELAY1/RELAY3, GND)',1),(42,2,'connection_interface','ESC 4-in-1','4× PWM (PWM1–PWM4) plus CUR, TEL & VLT sense',2),(43,2,'connection_interface','CAN','two connectors (CAN1_H/CAN1_L, VBAT, 5V, GND)',3),(44,2,'connection_interface','SERIAL / UART','GPS, telemetry & companion links',4),(45,2,'connection_interface','PWM outputs and servo header','',5),(46,2,'connection_interface','Native digital video output (no adapter modules)','',6),(47,2,'connection_interface','GPS port · ELRS / CRSF receiver port','',7),(48,2,'connection_interface','Payload relay outputs (RELAY1/RELAY3)','',8),(49,5,'specification','Sensor','RM3100 · PNI Sensor (USA)',1),(50,5,'specification','Interface','I²C (5V, SDA, SCL, GND)',2),(51,5,'specification','Resolution','13 nT',3),(52,5,'specification','Dimensions','35 × 24 mm · ~7.15 mm thick',4),(53,5,'specification','Mounting','2× Ø3.2 mm holes',5),(54,5,'specification','Weight','2 g',6),(55,5,'specification','Compatibility','ArduPilot',7),(56,5,'connection_interface','I²C','4-pin: 5V, SDA, SCL, GND',1),(57,5,'connection_interface','Mount X forward, Y right (or in 90° multiples)','',2),(58,5,'connection_interface','Change address for multiple compasses','',3),(59,6,'specification','Sensor','RM3100 · PNI Sensor (USA)',1),(60,6,'specification','Interface','CAN · DroneCAN',2),(61,6,'specification','Resolution','13 nT',3),(62,6,'specification','Input power','7–34 V (2S–8S, straight from the battery)',4),(63,6,'specification','Dimensions','35 × 24 mm · ~7.15 mm',5),(64,6,'specification','Mounting','2× Ø3.2 mm',6),(65,6,'specification','Weight','2 g',7),(66,6,'specification','Compatibility','ArduPilot',8),(67,6,'connection_interface','CAN · DroneCAN node on the shared CAN bus','',1),(68,6,'connection_interface','Two CAN connectors for daisy-chaining','',2),(69,6,'connection_interface','Pinout: CAN_H · CAN_L · VBAT · 5V · GND','',3),(70,6,'connection_interface','Powered 7–34V (2S–8S, battery-direct)','',4),(71,4,'specification','GNSS module','LOCOSYS MC1010-V2a (Taiwan)',1),(72,4,'specification','Constellations','GPS + BeiDou + GLONASS + Galileo + QZSS + NAVIC',2),(73,4,'specification','Bands','L1/E1/QZSS L1: 1575.42 MHz · L5/E5a/QZSS L5: 1176.45 MHz · BeiDou B1I: 1561.098 · B2a: 1176.45 · GLONASS L1: 1602.5625',3),(74,4,'specification','Simultaneous satellites','up to 135',4),(75,4,'specification','Protocol / UART','UBX / 230400 bps',5),(76,4,'specification','Update rate','5 Hz (1–10 Hz)',6),(77,4,'specification','Antenna','Passive (adaptable to active)',7),(78,4,'specification','Compass','QMC5883L (I2C); orientation at the mounting hole',8),(79,4,'specification','Power','50 mA (max 70 mA) @ 5V DC',9),(80,4,'specification','Weight','Module 4 g · ceramic antenna (50×50×10 mm) 26 g',10),(81,4,'connection_interface','UART · UBX protocol @ 230400 bps (TX/RX)','',1),(82,4,'connection_interface','Compass over I2C (SDA/SCL)','',2),(83,4,'connection_interface','5V · GND','',3),(84,4,'connection_interface','Place away from USB 3.0, power wires & other antennas','',4),(85,4,'connection_interface','Also available over CAN as part of MultiSense','',5),(86,9,'specification','SKU','AAD-PMU-16S',1),(87,9,'specification','Input','8–16S (terminals for 8AWG cable)',2),(88,9,'specification','Current (cont.)','200 A',3),(89,9,'specification','Peak / limit','400 A peak',4),(90,9,'specification','Regulated 24V outputs','2× on CAN (4A) + 2× on Microfit (7A)',5),(91,9,'specification','ESC output','VBAT OUT up to 200 A cont.',6),(92,9,'specification','Reverse-voltage protection','Yes (brief)',7),(93,9,'specification','Telemetry','UAVCAN / DroneCAN',8),(94,9,'specification','Regulated-line protection','Short-circuit protection on both lines',9),(95,9,'specification','Weight','119 g',10),(96,9,'connection_interface','Battery input — 8AWG terminals','',1),(97,9,'connection_interface','2× CAN outputs (regulated 24V) to FC & peripherals','',2),(98,9,'connection_interface','2× VBAT on Microfit','',3),(99,9,'connection_interface','VBAT OUT for ESC (200A)','',4),(100,9,'connection_interface','ESC control — PWM with telemetry (GND, TELEM,\nPWM, OFF); DSHOT or PWM','',5),(101,9,'connection_interface','Master avionics power switch (excludes ESC)','',6),(102,10,'specification','SKU','AAD-PMU-L14S',1),(103,10,'specification','Input','8–14S',2),(104,10,'specification','Current (cont.)','100 A',3),(105,10,'specification','Peak / limit','160 A (5 s) · 320 A measurement limit',4),(106,10,'specification','Regulated 24V outputs','2× on CAN (4A) + 2× VBAT Microfit (7A)',5),(107,10,'specification','ESC output','VBAT for ESC up to 100A cont.',6),(108,10,'specification','ESC control','PWM with telemetry (GND, TELEM, PWM, OFF) · DSHOT or PWM',7),(109,10,'specification','Bus','UAVCAN / DroneCAN',8),(110,10,'specification','Energy monitoring','Real-time consumption & state-of-charge with low-battery warning',9),(111,10,'connection_interface','Battery input — Microfit','',1),(112,10,'connection_interface','2× CAN outputs (regulated 24V) to FC and peripherals','',2),(113,10,'connection_interface','2× VBAT on Microfit','',3),(114,10,'connection_interface','VBAT OUT for ESC (100A)','',4),(115,10,'connection_interface','ESC control — PWM with telemetry (GND, TELEM,\nPWM, OFF); DSHOT or PWM','',5),(116,10,'connection_interface','Master avionics power switch (excludes ESC)','',6),(117,11,'specification','BEC output','4 A (5 A peak)',1),(118,11,'specification','Voltage select','5 V / 8 V',2),(119,11,'specification','Current sensing','60–70 A continuous · 120 A peak',3),(120,11,'specification','Servo channels','6×',4),(121,11,'specification','Input','4–7S (version without XT60 connector)',5),(122,11,'specification','Mounting','30.5 × 30.5 mm',6),(123,11,'specification','Connectors','XT60 + servo header (included), 22-pin FFC to FC',7),(124,11,'connection_interface','To FC7 — 22-pin FFC 0.5 mm ribbon (stacks on top)','',1),(125,11,'connection_interface','XT60 — battery / ESC power','',2),(126,11,'connection_interface','6× servo headers (GND, VS, PWM), 5V/8V selectable','',3),(127,11,'connection_interface','ESD-protected servo outputs','',4),(128,11,'connection_interface','Current sense fed to the autopilot (BATT_CURR_PIN = 4)','',5),(129,12,'specification','Input','4–14S / max 65 V',1),(130,12,'specification','Output','5V / 7.4V / 8V — 10A continuous, 20A peak',2),(131,12,'specification','PWM','up to 12 signals via JST-GH 1.25 14-pin',3),(132,12,'specification','Extra output','VOUT (optional XT30 connector) for external devices',4),(133,12,'specification','Mounting','30.5 × 30.5 mm',5),(134,12,'specification','Weight','20 g',6),(135,12,'connection_interface','Power input — up to 14S (65V) via Microfit','',1),(136,12,'connection_interface','12× servo outputs (GND, VS, PWM); channels 1–4 can\nread ESC telemetry (with SkyModule X1)','',2),(137,12,'connection_interface','PWM input — up to 12 signals from the FC via JST-GH\n1.25 14-pin','',3),(138,12,'connection_interface','VOUT — optional XT30 for external devices','',4),(139,8,'specification','GNSS','Dual-band (L1+L5)',1),(140,8,'specification','Magnetometer','Industrial RM3100',2),(141,8,'specification','Airspeed','up to 550 km/h',3),(142,8,'specification','Barometer','BMP390',4),(143,8,'specification','Power','5–34V (VBAT 4–8S, max 34V); 5V generated on the controller',5),(144,8,'specification','Speed / signal','up to 1 Mbit/s, differential, CAN protocol',6),(145,8,'specification','Antenna gain','L1 — 4.5 dBi · L5 — 2.1 dBi',7),(146,8,'specification','Firmware','ArduPilot',8),(147,8,'connection_interface','CAN (DroneCAN) — joins the shared bus','',1),(148,8,'connection_interface','Dual CAN connectors','',2),(149,8,'connection_interface','VBAT 4–8S · 5V · GND','',3),(150,8,'connection_interface','Up to 1 Mbit/s, differential','',4),(151,8,'connection_interface','Configs: CF10A0B0 · CL10A0B0 · CF10AM5B1 ·\nCL10AM5B1 · CF10AD1B1 · CF9PAD1B1','',5),(152,13,'specification','Input','up to 34V (8S)',1),(153,13,'specification','Output','selectable 5V or 8V',2),(154,13,'specification','Servos','4 independent PWM outputs (GND, VS, PWM)',3),(155,13,'specification','ESC','separate PWM output with telemetry (GND, TELEM, PWM); DSHOT or PWM',4),(156,13,'specification','Load current','4A continuous, up to 5A peak',5),(157,13,'specification','Protocol','UAVCAN / DroneCAN',6),(158,13,'specification','Weight','7 g',7),(159,13,'connection_interface','CAN — DroneCAN (dual connectors) to the flight\ncontroller','',1),(160,13,'connection_interface','4× servo outputs (GND, VS, PWM)','',2),(161,13,'connection_interface','ESC output with telemetry (GND, TELEM, PWM); PWM\nor DSHOT','',3),(162,13,'connection_interface','Input up to 34V (8S); onboard BEC 5V/8V','',4),(163,7,'specification','Max speed','up to 550 km/h',1),(164,7,'specification','Pressure sensors','MS5525, DLVR-L10, DLVR-L60',2),(165,7,'specification','Protocol','DroneCAN',3),(166,7,'specification','Power','5V or via VBAT 9–34V (stable 5V generated on the module)',4),(167,7,'specification','Connector','Redundant power — JST-GH 1.25 7-pin (dual power), so the sensor stays powered on partial bus failure',5),(168,7,'specification','SKUs','2 sensor variants',6),(169,7,'specification','Firmware','ArduPilot',7),(170,7,'specification','Includes','Pitot tube, heating module',8),(171,7,'connection_interface','2× CAN connectors (CAN_H, CAN_L, VBAT, 5V, GND)','',1),(172,7,'connection_interface','Daisy-chain onto the shared CAN bus','',2),(173,7,'connection_interface','Redundant dual-power feed','',3),(174,7,'connection_interface','Connector: JST-GH 1.25 mm · 7-pin','',4),(175,7,'connection_interface','Enable on controller: CAN_P1_DRIVER = 1 ·\nCAN_P2_DRIVER = 1','',5),(176,14,'specification','Detector','2.4 MP STARVIS 2 · Clear HDR',1),(177,14,'specification','Resolution','1920 × 1080',2),(178,14,'specification','Pixel pitch','~3.1 µm',3),(179,14,'specification','Frame rate','60 / 30 fps',4),(180,14,'specification','Focal length','2.5 mm',5),(181,14,'specification','Aperture','F/1.8',6),(182,14,'specification','FOV (H)','123°',7),(183,14,'specification','Interface','Digital Ethernet or MIPI CSI-2',8),(184,14,'specification','Output','Ethernet · UDP/RTSP H.264/H.265 — MIPI · uncompressed to SoC',9),(185,14,'specification','Default IP','192.168.144.100 (Ethernet)',10),(186,14,'specification','Latency','< 50 ms (Ethernet) · < 10 ms (MIPI)',11),(187,14,'specification','Power','5–36 V · 2 W',12),(188,14,'specification','Operating temp.','−20 … +60 °C',13),(189,14,'specification','Dimensions','21 × 21 × 42 mm · 40 g',14),(190,14,'specification','Adjustable','Video & image parameters available for tuning — can be applied live, in flight',15),(191,14,'connection_interface','Digital video over Ethernet (UDP / RTSP)','',1),(192,14,'connection_interface','H.264 / H.265 encoding','',2),(193,14,'connection_interface','Default IP · 192.168.144.100','',3),(194,14,'connection_interface','Built-in web UI for live settings','',4),(195,14,'connection_interface','Connectors · 4-pin (Ethernet) + 5-pin (power/USB)','',5),(196,14,'connection_interface','< 50 ms latency · feeds ComputeNode Z','',6),(197,14,'connection_interface','Direct MIPI CSI-2 to onboard SoC','',7),(198,14,'connection_interface','Uncompressed frames — no network stack','',8),(199,14,'connection_interface','< 10 ms glass-to-model latency','',9),(200,14,'connection_interface','Lowest cabling weight and complexity','',10),(201,14,'connection_interface','For compact, tightly-integrated AI payloads','',11),(202,15,'specification','Detector','12 µm VOx uncooled FPA',1),(203,15,'specification','Resolution','640 × 480',2),(204,15,'specification','Pixel pitch','12 µm',3),(205,15,'specification','NETD','< 15 mK',4),(206,15,'specification','Frame rate','60 / 30 fps (digital) · 25 fps (analog)',5),(207,15,'specification','Imaging','WDR + detail enhancement',6),(208,15,'specification','Optics','9 mm F/1.2 · 25 mm F/1.0 (Ge)',7),(209,15,'specification','Interface','Digital Ethernet or Analog CVBS',8),(210,15,'specification','Latency','< 50 ms (Ethernet) · 30 ms (analog)',9),(211,15,'specification','Operating temp.','−30 … +55 °C',10),(212,15,'specification','Dimensions','21 × 21 × 46 mm · 50 g',11),(213,15,'specification','Adjustable','Video & image parameters available for tuning — can be applied live, in flight (Ethernet)',12),(214,15,'connection_interface','Digital video over Ethernet (UDP / RTSP)','',1),(215,15,'connection_interface','H.264 / H.265 · 60 / 30 fps','',2),(216,15,'connection_interface','< 50 ms latency','',3),(217,15,'connection_interface','Power · 5–36 V (2 W)','',4),(218,15,'connection_interface','Connectors · 4-pin + 5-pin','',5),(219,15,'connection_interface','21 × 21 × 46 mm · 50 g','',6),(220,15,'connection_interface','Analog CVBS out — legacy FPV chains','',7),(221,15,'connection_interface','Digital UVC over USB Type-C','',8),(222,15,'connection_interface','30 ms latency','',9),(223,15,'connection_interface','Power · 5–36 V (2 W)','',10),(224,15,'connection_interface','Connectors · 2× JST (4-pin signal + 2-pin power)','',11),(225,15,'connection_interface','21 × 21 × 46 mm · 50 g','',12);
/*!40000 ALTER TABLE `product_specs` ENABLE KEYS */;
UNLOCK TABLES;
DROP TABLE IF EXISTS `product_use_cases`;
/*!40101 SET @saved_cs_client     = @@character_set_client */;
/*!50503 SET character_set_client = utf8mb4 */;
CREATE TABLE `product_use_cases` (
  `id` bigint unsigned NOT NULL AUTO_INCREMENT,
  `product_id` bigint unsigned NOT NULL,
  `title` varchar(255) NOT NULL,
  `icon` varchar(500) DEFAULT NULL,
  `subtitle` varchar(255) DEFAULT NULL,
  `sort_order` int unsigned NOT NULL DEFAULT '0',
  PRIMARY KEY (`id`),
  KEY `idx_product_use_cases_product_id` (`product_id`),
  CONSTRAINT `fk_product_use_cases_product` FOREIGN KEY (`product_id`) REFERENCES `products` (`id`) ON DELETE CASCADE ON UPDATE CASCADE
) ENGINE=InnoDB AUTO_INCREMENT=46 DEFAULT CHARSET=utf8mb4 COLLATE=utf8mb4_0900_ai_ci;
/*!40101 SET character_set_client = @saved_cs_client */;

LOCK TABLES `product_use_cases` WRITE;
/*!40000 ALTER TABLE `product_use_cases` DISABLE KEYS */;
INSERT INTO `product_use_cases` VALUES (1,3,'AI / Autonomous UAS','/img/products/computenode-z/bf-1.svg','Onboard inference at the edge',1),(2,3,'ISR & Detection','/img/products/computenode-z/bf-2.svg','Surveillance & target detection',2),(3,3,'Interceptor Drones','/img/products/computenode-z/bf-3.svg','Autonomous terminal tracking',3),(4,1,'FPV & Interceptor','/img/products/skymodule-x1/bf-1.svg','Agile strike and interceptor builds',1),(5,1,'Multirotor','/img/products/skymodule-x1/bf-2.svg','Quad, hex & octo platforms',2),(6,1,'Fixed-Wing UAV','/img/products/skymodule-x1/bf-3.svg','Long-endurance & ISR',3),(7,2,'Compact FPV','/img/products/skymodule-x1-lite/bf-1.svg','Agile digital-FPV strike builds',1),(8,2,'Lightweight Multirotor','/img/products/skymodule-x1-lite/bf-2.svg','Weight-sensitive quad platforms',2),(9,2,'Micro / Interceptor','/img/products/skymodule-x1-lite/bf-3.svg','High-speed compact interceptors',3),(10,5,'High-Current Multirotor','/img/products/fieldsense/bf-1.svg','Clear heading despite motor interference',1),(11,5,'FPV & Interceptor','/img/products/fieldsense/bf-2.svg','Compact compass for agile builds',2),(12,5,'Fixed-Wing UAV','/img/products/fieldsense/bf-3.svg','Mast-mounted external heading',3),(13,6,'High-Current Multirotor','/img/products/fieldsense-can/bf-1.svg','Clear heading despite heavy motor draw',1),(14,6,'FPV & Interceptor','/img/products/fieldsense-can/bf-2.svg','Agile strike and interceptor builds',2),(15,6,'Fixed-Wing UAV','/img/products/fieldsense-can/bf-3.svg','Long-endurance & ISR airframes',3),(16,4,'EW-Contested ISR','/img/products/geonav-dual/bf-1.svg','Persistent surveillance under jamming',1),(17,4,'Fixed-Wing UAV','/img/products/geonav-dual/bf-2.svg','Long-endurance & mapping',2),(18,4,'Multirotor','/img/products/geonav-dual/bf-3.svg','Quad, hex & octo platforms',3),(19,9,'Heavy-Lift Multirotor','/img/products/can-pmu-16s/bf-1.svg','Multi-kg payload quad, hex & octo',1),(20,9,'Bomber-Class','/img/products/can-pmu-16s/bf-2.svg','Dual-payload bomber airframes',2),(21,9,'High-Power Platforms','/img/products/can-pmu-16s/bf-3.svg','Sustained 200 A continuous draw',3),(22,10,'Mid-Size Multirotor','/img/products/can-pmu-lite-14s/bf-1.svg','Quad & hex platforms',1),(23,10,'FPV','/img/products/can-pmu-lite-14s/bf-2.svg','Agile strike & interceptor builds',2),(24,10,'Fixed-Wing UAV','/img/products/can-pmu-lite-14s/bf-3.svg','Endurance & ISR airframes',3),(25,11,'FC7-Based Multirotor','/img/products/powercore-ex/bf-1.svg','Quad, hex & octo on the FC7 stack',1),(26,11,'Fixed-Wing & VTOL','/img/products/powercore-ex/bf-2.svg','Airframes driving multiple servos',2),(27,11,'Compact Integration','/img/products/powercore-ex/bf-3.svg','Tight stacks with minimal wiring',3),(28,12,'Fixed-Wing & VTOL','/img/products/powerrail-14s/bf-1.svg','Multi-servo control surfaces',1),(29,12,'Large Multirotor','/img/products/powerrail-14s/bf-2.svg','High servo-load platforms',2),(30,12,'High-Channel Airframes','/img/products/powerrail-14s/bf-3.svg','Up to 12 PWM outputs',3),(31,8,'Fixed-Wing UAV','/img/products/multisense/bf-1.svg','Airspeed-equipped configs for cruise flight',1),(32,8,'VTOL & Transition','/img/products/multisense/bf-2.svg','Hybrid lift + cruise airframes',2),(33,8,'Multirotor ISR','/img/products/multisense/bf-3.svg','Compass-stable surveillance platforms',3),(34,13,'Fixed-Wing & VTOL','/img/products/servonode-x4/bf-1.svg','Distributed-servo control surfaces',1),(35,13,'Large Multirotor','/img/products/servonode-x4/bf-2.svg','Remote ESC nodes per arm',2),(36,13,'CAN-Bus Stacks','/img/products/servonode-x4/bf-3.svg','UAVCAN / DroneCAN systems',3),(37,7,'Fixed-Wing UAV','/img/products/airflow-can/bf-1.svg','Stall protection & cruise efficiency',1),(38,7,'VTOL & Transition','/img/products/airflow-can/bf-2.svg','Safe hover-to-cruise handoff',2),(39,7,'High-Speed ISR','/img/products/airflow-can/bf-3.svg','Accurate airspeed to 550 km/h',3),(40,14,'FPV & Interceptor','/img/products/Optix-d/bf-1.svg','Real-time terminal guidance',1),(41,14,'ISR & Recon','/img/products/Optix-d/bf-2.svg','Daylight observation & ID',2),(42,14,'Fixed-Wing UAV','/img/products/Optix-d/bf-3.svg','Long-endurance ISR',3),(43,15,'FPV & Interceptor','/img/products/ThermIX/bf-1.svg','Night & low-visibility strike',1),(44,15,'ISR & Recon','/img/products/ThermIX/bf-2.svg','Thermal observation & ID',2),(45,15,'Counter-UAS','/img/products/ThermIX/bf-3.svg','Heat signatures vs cold sky',3);
/*!40000 ALTER TABLE `product_use_cases` ENABLE KEYS */;
UNLOCK TABLES;
DROP TABLE IF EXISTS `products`;
/*!40101 SET @saved_cs_client     = @@character_set_client */;
/*!50503 SET character_set_client = utf8mb4 */;
CREATE TABLE `products` (
  `id` bigint unsigned NOT NULL AUTO_INCREMENT,
  `category_id` bigint unsigned NOT NULL,
  `sku` varchar(64) NOT NULL,
  `sku_descriptor` varchar(255) DEFAULT NULL,
  `name` varchar(255) NOT NULL,
  `slug` varchar(255) NOT NULL,
  `subtitle` varchar(255) DEFAULT NULL,
  `short_description` varchar(500) DEFAULT NULL,
  `long_description` text,
  `key_advantage` varchar(500) DEFAULT NULL,
  `package_contents` text,
  `highlights_intro` varchar(500) DEFAULT NULL,
  `specs_intro` varchar(500) DEFAULT NULL,
  `built_for_intro` varchar(500) DEFAULT NULL,
  `compatible_intro` varchar(500) DEFAULT NULL,
  `kb_banner_image` varchar(500) DEFAULT NULL,
  `hero_interfaces` json DEFAULT NULL,
  `documentation_url` varchar(500) DEFAULT NULL,
  `is_ndaa_compliant` tinyint(1) NOT NULL DEFAULT '0',
  `is_made_in_usa` tinyint(1) NOT NULL DEFAULT '0',
  `price` decimal(12,2) DEFAULT NULL,
  `currency` char(3) NOT NULL DEFAULT 'USD',
  `stock_quantity` int unsigned DEFAULT NULL,
  `status` enum('draft','published','archived') NOT NULL DEFAULT 'draft',
  `sort_order` int unsigned NOT NULL DEFAULT '0',
  `created_at` datetime NOT NULL DEFAULT CURRENT_TIMESTAMP,
  `updated_at` datetime NOT NULL DEFAULT CURRENT_TIMESTAMP ON UPDATE CURRENT_TIMESTAMP,
  PRIMARY KEY (`id`),
  UNIQUE KEY `uq_products_sku` (`sku`),
  UNIQUE KEY `uq_products_slug` (`slug`),
  KEY `idx_products_category_id` (`category_id`),
  CONSTRAINT `fk_products_category` FOREIGN KEY (`category_id`) REFERENCES `categories` (`id`) ON DELETE RESTRICT ON UPDATE CASCADE
) ENGINE=InnoDB AUTO_INCREMENT=16 DEFAULT CHARSET=utf8mb4 COLLATE=utf8mb4_0900_ai_ci COMMENT='Catalog products; price is DECIMAL(12,2), never FLOAT/DOUBLE, to avoid rounding error.';
/*!40101 SET character_set_client = @saved_cs_client */;

LOCK TABLES `products` WRITE;
/*!40000 ALTER TABLE `products` DISABLE KEYS */;
INSERT INTO `products` VALUES (1,3,'AAD-FC-7','H7-Basic V3 (8S)','SkyModule X1','skymodule-x1','7','The flagship autopilot of the AAD stack — STM32H743 with full ArduPilot support, triple-IMU redundancy, dual-payload control, and industrial output protection. Built to keep flying in GPS-denied, EW-contested airspace.',NULL,'Keeps flying when comms and GPS are gone — triple sensor redundancy and compass-guided return without yawing the copter, for EW-contested airspace.','1× H7-Basic V3 · 1× USB & Buzzer board · 4× damper grommets · JST-GH 1.25 mm cable set (3/4/5/6/7/8-pin).','Core specs and the combat-grade features that set SkyModule X1 apart.','Complete technical data, connection interfaces, and package contents (H7-Basic V3 board).','A versatile autopilot across every platform ArduPilot supports — from FPV strike drones to fixed-wing ISR.','Built to work as one system on the AAD CAN-bus stack.','/img/products/skymodule-x1/kb-banner.png',NULL,NULL,1,1,NULL,'USD',NULL,'published',1,'2026-07-21 13:02:54','2026-07-21 13:02:55'),(2,3,'AAD-FC-7L','H7-Lite','SkyModule X1-Lite','skymodule-x1-lite','7L','A compact autopilot for weight-sensitive platforms on STM32H743 — dual IMU, native digital FPV output and a dedicated gimbal port, with built-in interfaces for 4-in-1 ESC and CAN peripherals.',NULL,'FC7-class resilience in a compact footprint — built-in gimbal and 4-in-1 ESC ports remove adapter modules that add weight and failure points.','1× H7-Lite board · JST GH-1.25 mm cable set · ArduPilot firmware 4.5.5 and 4.6.3 with H7-Lite Defines · 3D models for the board and USB adapter.','Core specs and the compact-build features that set SkyModule X1-Lite apart.','Complete technical data, connection interfaces, and package contents (H7-Lite board).','A compact autopilot for weight-sensitive airframes — from FPV strike drones to gimbal-camera platforms.','Built to work as one system on the AAD CAN-bus stack.','/img/products/skymodule-x1-lite/kb-banner.png',NULL,NULL,1,1,NULL,'USD',NULL,'published',2,'2026-07-21 13:02:54','2026-07-21 13:02:55'),(3,4,'AAD-ComputeNode-AI','Drone Pi motherboard','ComputeNode Z','computenode-z','AI','A field-swappable onboard compute module built on Raspberry Pi CM4 or CM5, with an optional Hailo accelerator delivering up to 26 TOPS of onboard inference and direct CAN access to SkyModule X1. Powered straight off the airframe bus.',NULL,'Field-swappable compute module with a dedicated AI accelerator — up to 26 TOPS of onboard inference without redesigning the airframe, and direct CAN access to SkyModule X1 with no adapters.','1× Drone Pi motherboard. Exact Hailo module, OS image and software stack, cooling and first-setup guide — see the Knowledge Base.','Core specs and the onboard-AI features that set ComputeNode Z apart.','Complete technical data, connection interfaces, and package contents (Drone Pi motherboard).','Onboard compute for tactical UAS that fuse cameras, AI inference and flight control on the airframe.','Built to work as one system on the AAD CAN-bus stack.','/img/products/computenode-z/kb-banner.png',NULL,NULL,1,1,NULL,'USD',NULL,'published',3,'2026-07-21 13:02:54','2026-07-21 13:02:55'),(4,5,'AAD-GeoNav-DB','Dual-Band GNSS v2','GeoNav Dual','geonav-dual','DB','Dual-band GNSS module (L1+L5) built on the LOCOSYS MC1010-V2a, with hardware spoofing protection, a passive ceramic antenna and a built-in compass. Engineered to hold position in EW-contested airspace.',NULL,'Hardware-level anti-spoofing — simultaneous L1+L5 reception detects spoofing, and a relay physically cuts GPS power on detection so false coordinates never reach the flight stack.','1× GNSS module · 1× passive ceramic antenna (50×50×10 mm) · GNSS & I2C compass cables.','Core specs and the anti-spoofing features that set GeoNav Dual apart.','Complete technical data, connection interfaces, and package contents (Dual-Band GNSS v2).','Spoofing-resistant navigation across every platform on the AAD stack — from EW-contested ISR to long-range strike.','Built to work as one system on the AAD CAN-bus stack.','/img/products/geonav-dual/kb-banner.png',NULL,NULL,1,1,NULL,'USD',NULL,'published',4,'2026-07-21 13:02:54','2026-07-21 13:02:55'),(5,6,'AAD-FieldSense','RM3100','FieldSense','fieldsense',NULL,'A high-precision external compass built on the industrial RM3100 sensor (PNI Sensor, USA), connected over I²C. Isolated coils hold a clear heading even on high-current multirotors, and the compact module mounts away from motor and ESC interference for a clean magnetic reference.',NULL,'Industrial-grade RM3100 with isolated coils — high noise immunity and a clear heading even on multirotors where motors defeat other magnetometers.','1× FieldSense (I²C) module with RM3100 sensor.','Core specs and the precision-sensing features that set FieldSense apart.','Complete technical data, connection interfaces, and package contents (FieldSense I²C variant).','An external compass for platforms that need a clean magnetic heading. For a CAN bus connection, see FieldSense CAN.','Built to work as one system on the AAD stack.','/img/products/fieldsense/kb-banner.png',NULL,NULL,1,1,NULL,'USD',NULL,'published',5,'2026-07-21 13:02:54','2026-07-21 13:02:55'),(6,6,'AAD-FieldSense-CAN','RM3100','FieldSense CAN','fieldsense-can','CAN','A high-precision RM3100 compass on the CAN bus. It daisy-chains straight onto the AAD CAN backbone over a single cable and mounts clear of motor and ESC EMI — for a clear heading even on high-current multirotors where other magnetometers lose the plot.',NULL,'Industrial-grade RM3100 with isolated coils — high noise immunity and a clear heading even on multirotors where motors defeat other magnetometers.','1× FieldSense CAN module · CAN daisy-chain cabling.','Core specs and the combat-grade features that set FieldSense CAN apart.','Complete technical data, connection interfaces, and package contents (FieldSense CAN variant).','An external compass for noisy, contested platforms — wherever a clean heading on the CAN bus matters most.','Built to work as one system on the AAD CAN-bus stack.','/img/products/fieldsense-can/kb-banner.png',NULL,NULL,1,1,NULL,'USD',NULL,'published',6,'2026-07-21 13:02:54','2026-07-21 13:02:55'),(7,6,'AAD-AirFlow-CAN','CAN Airspeed module','AirFlow CAN','airflow-can','CAN','A digital CAN airspeed sensor for fixed-wing and VTOL UAVs — immune to electromagnetic noise from the power system. It feeds the autopilot clean airspeed data to prevent critical stalls and hold flight efficiency, where analog sensors are swamped by noise.',NULL,'A digital CAN interface immune to electromagnetic noise from UAV power systems — reliable airspeed data where analog sensors are swamped by noise.','1× AirFlow CAN module · 1× pitot tube · 1× heating module · CAN cabling.','Core specs and the features that set AirFlow CAN apart on the airframe.','Complete technical data, connection interfaces, and package contents.','Airframes where reliable airspeed is mission-critical — from high-speed strike to long-endurance recon.','Built to work as one system on the AAD CAN-bus stack.','/img/products/airflow-can/kb-banner.png',NULL,NULL,1,1,NULL,'USD',NULL,'published',7,'2026-07-21 13:02:54','2026-07-21 13:02:55'),(8,6,'AAD-MultiSense','Module CAN SENS','MultiSense','multisense',NULL,'One CAN sensor hub — six factory configurations combining GNSS, compass, airspeed, and barometer in a single module. Critical flight and navigation sensors integrated on one board, streaming data to the controller over CAN.',NULL,'Four sensors worth of capability in one CAN module — fewer parts to source, wire and certify, and faster integration.','1× MultiSense module (selected configuration) · CAN cable set.','Core specs and the integration advantages that set MultiSense apart.','Complete technical data, connection interface, and package contents.','A consolidated sensor hub for platforms that demand reliable navigation with minimal wiring.','Built to work as one system on the AAD CAN-bus stack.','/img/products/multisense/kb-banner.png',NULL,NULL,1,1,NULL,'USD',0,'published',8,'2026-07-21 13:02:54','2026-07-21 15:09:25'),(9,7,'AAD-PMU-16S',NULL,'CAN PMU 16S','can-pmu-16s','16S','High-current 16S power module for current measurement and power to the controller, peripherals and ESC — with full DroneCAN telemetry and ESC control over the CAN bus. Built for heavy-lift platforms drawing up to 200 A continuous.',NULL,'Current measurement, power for controller and peripherals, ESC control and power — all on the CAN bus, with short-circuit protection on the regulated lines.','1× CAN PMU 16S 200A module. See the Knowledge Base for the full package contents diagram.','Core specs and the high-current features that set the CAN PMU 16S apart.','Complete technical data, connection interfaces, and package contents for the CAN PMU 16S 200A.','A high-current power module for the most demanding airframes — wherever sustained 200 A draw and CAN-bus telemetry are required.','Built to work as one system on the AAD CAN-bus stack.','/img/products/can-pmu-16s/kb-banner.png',NULL,NULL,1,1,NULL,'USD',NULL,'published',9,'2026-07-21 13:02:54','2026-07-21 13:02:55'),(10,7,'AAD-PMU-L14S','CAN PMU Lite 14S','CAN PMU Lite 14S','can-pmu-lite-14s','L14S','Lighter CAN power monitoring and ESC control for mid-size platforms. Measures battery voltage and current, powers the controller and peripherals, and drives the ESC — all over the DroneCAN bus, with short-circuit protection on the regulated lines.',NULL,'Current measurement, power for controller and peripherals, ESC control and power — all on the CAN bus, with short-circuit protection on the regulated lines.','CAN PMU Lite 14S module with connection cabling — see the Knowledge Base for the full package list.','Core specs and the field-proven features that define the CAN PMU Lite 14S.','Complete technical data, connection interfaces, and package contents (CAN PMU Lite 14S).','Lighter CAN power and ESC control sized for mid-size platforms.','Built to work as one system on the AAD CAN-bus stack.','/img/products/can-pmu-lite-14s/kb-banner.png',NULL,NULL,1,1,NULL,'USD',NULL,'published',10,'2026-07-21 13:02:54','2026-07-21 13:02:55'),(11,7,'AAD-POWERCORE-EX',NULL,'PowerCore EX','powercore-ex','EX','An H7 expansion board that stacks directly on SkyModule X1 — adding accurate current sensing and a 6-channel servo rail. Selectable 5V/8V output makes it a universal solution for standard and high-voltage servos.',NULL,'Stacks directly on SkyModule X1 (matching 30.5×30.5 mm) — adds accurate current sensing and a 6-channel 5V/8V servo rail with no separate board stack or cable runs.','1× PowerCore EX board · XT60 connector · pre-installed servo header strip · 22-pin FFC 0.5 mm ribbon to FC.','Core specs and the integration features that set PowerCore EX apart.','Complete technical data, connection interfaces, and package contents.','Purpose-built to expand the SkyModule X1 stack with sensing and servo power for demanding airframes.','Built to work as one system on the AAD stack.','/img/products/powercore-ex/kb-banner.png',NULL,NULL,1,1,NULL,'USD',NULL,'published',11,'2026-07-21 13:02:54','2026-07-21 13:02:55'),(12,7,'AAD-POWERRAIL-14S','Servo Rail with BEC','PowerRail 14S','powerrail-14s','14S','A servo distribution rail with a high-current BEC and protected outputs. Carries up to 12 PWM signals straight from a 4–14S battery and can switch into an ESC-telemetry mode on outputs 1–4.',NULL,'Up to 12 PWM channels with a high-current BEC straight from 4–14S — plus an ESC-telemetry mode on outputs 1–4 when used with H7-Basic.','1× PowerRail 14S · 1× JST-GH 1.25 mm 14-pin cable · mounting standoffs.','Core specs and the combat-grade features that set PowerRail 14S apart.','Complete technical data, connection interfaces, and package contents.','A dedicated servo rail for airframes that demand many actuators and clean, protected power.','Built to work as one system on the AAD CAN-bus stack.','/img/products/powerrail-14s/kb-banner.png',NULL,NULL,1,1,NULL,'USD',NULL,'published',12,'2026-07-21 13:02:54','2026-07-21 13:02:55'),(13,7,'AAD-SERVONODE-X4','CAN SRV x4E','ServoNode x4','servonode-x4','X4','A CAN-connected node that powers and controls servos and ESCs over the bus — isolating the load from the flight controller. Four independent PWM outputs plus a separate ESC control output with telemetry, immune to EM noise and ready to expand the controller\'s PWM channel count.',NULL,'Powers and controls servos and ESCs over CAN — the load is isolated from the controller, immune to EM noise, plus PWM output expansion.','1× ServoNode x4 node. Full box contents are detailed in the Knowledge Base.','Core specs and the CAN-bus advantages that set ServoNode x4 apart.','Complete technical data, connection interfaces, and package contents.','Airframes that distribute actuation across the CAN bus and run out of controller PWM channels.','Built to work as one system on the AAD CAN-bus stack.','/img/products/servonode-x4/kb-banner.png',NULL,NULL,1,1,NULL,'USD',NULL,'published',13,'2026-07-21 13:02:54','2026-07-21 13:02:55'),(14,8,'AAD-CAM-Optix','STARVIS 2 Clear HDR','Optix-D','Optix-d',NULL,'A compact 2.4 MP STARVIS 2 day camera with Clear HDR and a video pipeline built to be read by an onboard detection model. One camera, two interface variants — choose native digital Ethernet or a direct MIPI CSI-2 link to your compute module. Removable IR-cut filter for low-light work.',NULL,'STARVIS 2 + Clear HDR for dawn, dusk, fog and high-contrast urban scenes — ultra-low latency video output, built to be read by an onboard detection model.',NULL,'Core specs and the features that make Optix-D the daylight eye of the AAD targeting stack.','Shared optical and electrical specs, with interface-specific notes for the two output options — digital Ethernet and MIPI CSI-2.','A daylight sensor tuned for real-time guidance and onboard AI across strike, ISR and gimbal platforms.','Built to work as one system — camera, compute and AI on a single digital stack.',NULL,'[{\"sub\": \"UDP/RTSP H.264/H.265 · <50 ms\", \"title\": \"Digital Ethernet\"}, {\"sub\": \"Direct-to-SoC · uncompressed · <10 ms\", \"title\": \"MIPI CSI-2\"}]',NULL,1,1,NULL,'USD',NULL,'published',1,'2026-07-21 13:02:55','2026-07-21 13:02:56'),(15,8,'AAD-CAM-ThermIX','640 VOx core','ThermIX','ThermIX',NULL,'An uncooled LWIR thermal camera that sees through total darkness, smoke and degraded visibility. One camera, two interface variants — digital Ethernet for onboard AI, or analog CVBS plus digital USB UVC for legacy FPV chains — on a 640×480 VOx core, with interchangeable Germanium optics.',NULL,'A high-sensitivity 12 µm VOx core (NETD < 15 mK) for detection in complete darkness, smoke and degraded visibility — clean thermal frames built to be read by an onboard detection model, with a choice of 9 mm or 25 mm optics.',NULL,'Core specs and the features that make ThermIX the all-conditions thermal eye of the AAD targeting stack.','Shared thermal-core specs, with interface-specific notes for the two output variants — digital Ethernet (ThermIX-D) and analog CVBS (ThermIX-A).','A thermal sensor for the missions daylight can\'t reach — night, smoke and degraded visibility, across strike and ISR platforms.','Built to work as one system — camera, compute and AI on a single stack.',NULL,'[{\"sub\": \"UDP/RTSP H.264/H.265 · <50 ms\", \"title\": \"Digital Ethernet · ThermIX-D\"}, {\"sub\": \"CVBS analog + USB UVC · 30 ms\", \"title\": \"Analog + USB · ThermIX-A\"}]',NULL,1,1,NULL,'USD',NULL,'published',2,'2026-07-21 13:02:55','2026-07-21 13:02:56');
/*!40000 ALTER TABLE `products` ENABLE KEYS */;
UNLOCK TABLES;
DROP TABLE IF EXISTS `schema_migrations`;
/*!40101 SET @saved_cs_client     = @@character_set_client */;
/*!50503 SET character_set_client = utf8mb4 */;
CREATE TABLE `schema_migrations` (
  `version` bigint NOT NULL,
  `dirty` tinyint(1) NOT NULL,
  PRIMARY KEY (`version`)
) ENGINE=InnoDB DEFAULT CHARSET=utf8mb4 COLLATE=utf8mb4_0900_ai_ci;
/*!40101 SET character_set_client = @saved_cs_client */;

LOCK TABLES `schema_migrations` WRITE;
/*!40000 ALTER TABLE `schema_migrations` DISABLE KEYS */;
INSERT INTO `schema_migrations` VALUES (73,0);
/*!40000 ALTER TABLE `schema_migrations` ENABLE KEYS */;
UNLOCK TABLES;
DROP TABLE IF EXISTS `site_settings`;
/*!40101 SET @saved_cs_client     = @@character_set_client */;
/*!50503 SET character_set_client = utf8mb4 */;
CREATE TABLE `site_settings` (
  `id` bigint unsigned NOT NULL AUTO_INCREMENT,
  `setting_key` varchar(64) NOT NULL,
  `setting_value` text NOT NULL,
  `created_at` datetime NOT NULL DEFAULT CURRENT_TIMESTAMP,
  `updated_at` datetime NOT NULL DEFAULT CURRENT_TIMESTAMP ON UPDATE CURRENT_TIMESTAMP,
  PRIMARY KEY (`id`),
  UNIQUE KEY `uq_site_settings_setting_key` (`setting_key`)
) ENGINE=InnoDB AUTO_INCREMENT=13 DEFAULT CHARSET=utf8mb4 COLLATE=utf8mb4_0900_ai_ci COMMENT='Flat key-value store for company/site info (company_name, company_address, company_phone, company_email, copyright, compliance_badge). setting_key/setting_value avoid the key/value MySQL reserved words. Not part of the menu graph -- standalone, no FK.';
/*!40101 SET character_set_client = @saved_cs_client */;

LOCK TABLES `site_settings` WRITE;
/*!40000 ALTER TABLE `site_settings` DISABLE KEYS */;
INSERT INTO `site_settings` VALUES (1,'company_name','AeroDefences Corp','2026-07-21 13:02:54','2026-07-21 13:02:54'),(2,'company_address','100 Example Blvd, Anytown, CA 90000','2026-07-21 13:02:54','2026-07-21 13:02:54'),(3,'company_phone','+1-555-0100','2026-07-21 13:02:54','2026-07-21 13:02:54'),(4,'company_email','info@aerodefences.example','2026-07-21 13:02:54','2026-07-21 13:02:54'),(5,'copyright','© 2026 AeroDefences Corp. All rights reserved.','2026-07-21 13:02:54','2026-07-21 13:02:54'),(6,'compliance_badge','NDAA Compliant · Made In The USA','2026-07-21 13:02:54','2026-07-21 13:02:54'),(7,'kb_banner_link','/knowledge-base','2026-07-21 13:02:55','2026-07-21 13:02:55'),(8,'kb_cta_eyebrow','Technical Documentation','2026-07-21 13:02:55','2026-07-21 13:02:55'),(9,'kb_cta_title','Want the Full Picture?','2026-07-21 13:02:55','2026-07-21 13:02:55'),(10,'kb_cta_text','Wiring diagrams, CAN and CSI pinouts, power rails, expansion options, and step-by-step setup — everything on {{productName}} lives in our Knowledge Base.','2026-07-21 13:02:55','2026-07-21 13:02:55'),(11,'kb_cta_link_label','Learn More in Our Knowledge Base →','2026-07-21 13:02:55','2026-07-21 13:02:55'),(12,'kb_cta_link','/knowledge-base','2026-07-21 13:02:55','2026-07-21 13:02:55');
/*!40000 ALTER TABLE `site_settings` ENABLE KEYS */;
UNLOCK TABLES;
DROP TABLE IF EXISTS `urls`;
/*!40101 SET @saved_cs_client     = @@character_set_client */;
/*!50503 SET character_set_client = utf8mb4 */;
CREATE TABLE `urls` (
  `id` bigint unsigned NOT NULL AUTO_INCREMENT,
  `category_id` bigint unsigned DEFAULT NULL,
  `product_id` bigint unsigned DEFAULT NULL,
  `link` varchar(255) NOT NULL,
  `canonical` varchar(500) DEFAULT NULL,
  `meta_title` varchar(255) DEFAULT NULL,
  `meta_description` varchar(500) DEFAULT NULL,
  `og_title` varchar(255) DEFAULT NULL,
  `og_description` varchar(500) DEFAULT NULL,
  `og_image` varchar(500) DEFAULT NULL,
  `is_indexable` tinyint(1) NOT NULL DEFAULT '1',
  `routes` varchar(255) DEFAULT NULL,
  `view` varchar(255) DEFAULT NULL,
  `created_at` datetime NOT NULL DEFAULT CURRENT_TIMESTAMP,
  `updated_at` datetime NOT NULL DEFAULT CURRENT_TIMESTAMP ON UPDATE CURRENT_TIMESTAMP,
  PRIMARY KEY (`id`),
  UNIQUE KEY `uq_urls_link` (`link`),
  UNIQUE KEY `uq_urls_category_id` (`category_id`),
  UNIQUE KEY `uq_urls_product_id` (`product_id`),
  CONSTRAINT `fk_urls_category` FOREIGN KEY (`category_id`) REFERENCES `categories` (`id`) ON DELETE CASCADE ON UPDATE RESTRICT,
  CONSTRAINT `fk_urls_product` FOREIGN KEY (`product_id`) REFERENCES `products` (`id`) ON DELETE CASCADE ON UPDATE RESTRICT,
  CONSTRAINT `ck_urls_xor_page` CHECK (((`category_id` is null) <> (`product_id` is null)))
) ENGINE=InnoDB AUTO_INCREMENT=24 DEFAULT CHARSET=utf8mb4 COLLATE=utf8mb4_0900_ai_ci COMMENT='Per-page SEO/routing metadata; each row belongs to exactly one category XOR one product (ck_urls_xor_page); uq_urls_category_id/uq_urls_product_id enforce at most one urls row per page (multiple NULLs allowed under UNIQUE).';
/*!40101 SET character_set_client = @saved_cs_client */;

LOCK TABLES `urls` WRITE;
/*!40000 ALTER TABLE `urls` DISABLE KEYS */;
INSERT INTO `urls` VALUES (1,1,NULL,'drone-components','/drone-components',NULL,NULL,NULL,NULL,NULL,1,NULL,NULL,'2026-07-21 13:02:54','2026-07-21 13:02:54'),(2,2,NULL,'drone-components/electronics','/drone-components/electronics',NULL,NULL,NULL,NULL,NULL,1,NULL,NULL,'2026-07-21 13:02:54','2026-07-21 13:02:54'),(3,3,NULL,'drone-components/electronics/flight-controllers','/drone-components/electronics/flight-controllers',NULL,NULL,NULL,NULL,NULL,1,NULL,NULL,'2026-07-21 13:02:54','2026-07-21 13:02:54'),(4,4,NULL,'drone-components/electronics/edge-compute','/drone-components/electronics/edge-compute',NULL,NULL,NULL,NULL,NULL,1,NULL,NULL,'2026-07-21 13:02:54','2026-07-21 13:02:54'),(5,5,NULL,'drone-components/electronics/gnss-navigation','/drone-components/electronics/gnss-navigation',NULL,NULL,NULL,NULL,NULL,1,NULL,NULL,'2026-07-21 13:02:54','2026-07-21 13:02:54'),(6,6,NULL,'drone-components/electronics/sensors','/drone-components/electronics/sensors',NULL,NULL,NULL,NULL,NULL,1,NULL,NULL,'2026-07-21 13:02:54','2026-07-21 13:02:54'),(7,7,NULL,'drone-components/electronics/power-servo','/drone-components/electronics/power-servo',NULL,NULL,NULL,NULL,NULL,1,NULL,NULL,'2026-07-21 13:02:54','2026-07-21 13:02:54'),(8,NULL,1,'drone-components/electronics/flight-controllers/skymodule-x1','/drone-components/electronics/flight-controllers/skymodule-x1',NULL,NULL,NULL,NULL,NULL,1,NULL,NULL,'2026-07-21 13:02:54','2026-07-21 13:02:54'),(9,NULL,2,'drone-components/electronics/flight-controllers/skymodule-x1-lite','/drone-components/electronics/flight-controllers/skymodule-x1-lite',NULL,NULL,NULL,NULL,NULL,1,NULL,NULL,'2026-07-21 13:02:54','2026-07-21 13:02:54'),(10,NULL,3,'drone-components/electronics/edge-compute/computenode-z','/drone-components/electronics/edge-compute/computenode-z','ComputeNode Z — Onboard Drone Compute','Field-swappable Raspberry Pi CM4/CM5 compute module with up to 26 TOPS Hailo AI acceleration and direct CAN to SkyModule X1. NDAA-compliant, made in the USA.',NULL,NULL,NULL,1,NULL,NULL,'2026-07-21 13:02:54','2026-07-21 13:02:55'),(11,NULL,4,'drone-components/electronics/gnss-navigation/geonav-dual','/drone-components/electronics/gnss-navigation/geonav-dual',NULL,NULL,NULL,NULL,NULL,1,NULL,NULL,'2026-07-21 13:02:54','2026-07-21 13:02:54'),(12,NULL,5,'drone-components/electronics/sensors/fieldsense','/drone-components/electronics/sensors/fieldsense',NULL,NULL,NULL,NULL,NULL,1,NULL,NULL,'2026-07-21 13:02:54','2026-07-21 13:02:54'),(13,NULL,6,'drone-components/electronics/sensors/fieldsense-can','/drone-components/electronics/sensors/fieldsense-can',NULL,NULL,NULL,NULL,NULL,1,NULL,NULL,'2026-07-21 13:02:54','2026-07-21 13:02:54'),(14,NULL,7,'drone-components/electronics/sensors/airflow-can','/drone-components/electronics/sensors/airflow-can',NULL,NULL,NULL,NULL,NULL,1,NULL,NULL,'2026-07-21 13:02:54','2026-07-21 13:02:54'),(15,NULL,8,'drone-components/electronics/sensors/multisense','/drone-components/electronics/sensors/multisense',NULL,NULL,NULL,NULL,NULL,1,NULL,NULL,'2026-07-21 13:02:54','2026-07-21 13:02:54'),(16,NULL,9,'drone-components/electronics/power-servo/can-pmu-16s','/drone-components/electronics/power-servo/can-pmu-16s',NULL,NULL,NULL,NULL,NULL,1,NULL,NULL,'2026-07-21 13:02:54','2026-07-21 13:02:54'),(17,NULL,10,'drone-components/electronics/power-servo/can-pmu-lite-14s','/drone-components/electronics/power-servo/can-pmu-lite-14s',NULL,NULL,NULL,NULL,NULL,1,NULL,NULL,'2026-07-21 13:02:54','2026-07-21 13:02:54'),(18,NULL,11,'drone-components/electronics/power-servo/powercore-ex','/drone-components/electronics/power-servo/powercore-ex',NULL,NULL,NULL,NULL,NULL,1,NULL,NULL,'2026-07-21 13:02:54','2026-07-21 13:02:54'),(19,NULL,12,'drone-components/electronics/power-servo/powerrail-14s','/drone-components/electronics/power-servo/powerrail-14s',NULL,NULL,NULL,NULL,NULL,1,NULL,NULL,'2026-07-21 13:02:54','2026-07-21 13:02:54'),(20,NULL,13,'drone-components/electronics/power-servo/servonode-x4','/drone-components/electronics/power-servo/servonode-x4',NULL,NULL,NULL,NULL,NULL,1,NULL,NULL,'2026-07-21 13:02:54','2026-07-21 13:02:54'),(21,8,NULL,'cameras','/cameras',NULL,NULL,NULL,NULL,NULL,1,NULL,NULL,'2026-07-21 13:02:55','2026-07-21 13:02:55'),(22,NULL,14,'drone-components/cameras/Optix-d','/drone-components/cameras/Optix-d',NULL,NULL,NULL,NULL,NULL,1,NULL,NULL,'2026-07-21 13:02:55','2026-07-21 13:02:55'),(23,NULL,15,'drone-components/cameras/ThermIX','/drone-components/cameras/ThermIX',NULL,NULL,NULL,NULL,NULL,1,NULL,NULL,'2026-07-21 13:02:55','2026-07-21 13:02:55');
/*!40000 ALTER TABLE `urls` ENABLE KEYS */;
UNLOCK TABLES;
/*!40103 SET TIME_ZONE=@OLD_TIME_ZONE */;

/*!40101 SET SQL_MODE=@OLD_SQL_MODE */;
/*!40014 SET FOREIGN_KEY_CHECKS=@OLD_FOREIGN_KEY_CHECKS */;
/*!40014 SET UNIQUE_CHECKS=@OLD_UNIQUE_CHECKS */;
/*!40101 SET CHARACTER_SET_CLIENT=@OLD_CHARACTER_SET_CLIENT */;
/*!40101 SET CHARACTER_SET_RESULTS=@OLD_CHARACTER_SET_RESULTS */;
/*!40101 SET COLLATION_CONNECTION=@OLD_COLLATION_CONNECTION */;
/*!40111 SET SQL_NOTES=@OLD_SQL_NOTES */;

